title,portal
Data Science Manager job in New York NY , Jobcube
Director Data Science job in Seattle WA , Jobcube
Data Science Instructor job in San Antonio TX , Jobcube
"Senior Manager, Sales Data Science and Analytics (Remote) job in Boston MA ", Jobcube
Data Scientist job in Aurora CO , Jobcube
Data Scientist job in Suitland MD , Jobcube
Senior Data Scientist job in Augusta GA , Jobcube
Data Scientist/Senior Data Scientist (Federal) job in Tysons VA , Jobcube
Lead Data Scientist job in Fort Meade MD , Jobcube
Data Scientist job in Fort Belvoir VA , Jobcube
Experienced Engineering Data Scientist - Military Veterans job in Tukwila WA , Jobcube
Current Phd - Data Science Internship - Summer 2024 job in San Francisco CA , Jobcube
Data Scientist job in Sterling VA , Jobcube
Senior Data Scientist - Tiktok Global Music job in San Jose CA , Jobcube
Senior Data Scientist job , Jobcube
(Senior) Data Scientist (D/F/M) job , Jobcube
Senior Data Science job , Jobcube
Graph Data Scientist - Level III job in Arlington VA , Jobcube
"Senior Data Scientist, Portfolio Value Creation job in San Francisco CA ", Jobcube
"AI / ML Health Data Scientist, Senior Consultant job in Montpelier VT ", Jobcube
"Senior Data Scientist, Analytics (Nitro Perks) job in San Francisco CA ", Jobcube
Senior Data Scientist job in MI , Jobcube
Data Science Intern - Summer 2024 job in Houston TX , Jobcube
Data Scientist TS/SCI job in Washington DC , Jobcube
"Senior Architect, Networking Data Scientist job ", Jobcube
Data Scientist (SME) - TS/SCI with Polygraph Required job in McLean VA , Jobcube
Senior Open-Source Data Scientist Strategy Lead job in Reston VA , Jobcube
Senior Data Scientist job in Huntsville AL , Jobcube
Data Science Capital Market Consultant job in Boston MA , Jobcube
Mathematical Statistician or Statistician (Data Scientist) 1... job , Jobcube
"Senior Data Scientist, TS/SCI with Polygraph job in Chantilly VA ", Jobcube
Senior Data Scientist job in Westborough MA , Jobcube
Analyst of Ecommerce & Data Science job in Carlsbad CA , Jobcube
Senior Product Data Scientist job in Palo Alto CA , Jobcube
Staff Data Scientist- E2e job in Bentonville AR , Jobcube
Senior Generative AI Data Scientist job in Sumner WA , Jobcube
Data Science Research Intern job in Boston MA , Jobcube
Data Scientist – Geospatial Mapping & RF Modeling job in Lexington MA , Jobcube
Data Scientist job in Huntsville AL , Jobcube
AI/ML Data Scientist Consultant job in Chantilly VA , Jobcube
Data Scientist job , Jobcube
Faculty - Biomedical Data Science job in Lebanon NH , Jobcube
TS/SCI FS Poly Data Scientist job in McLean VA , Jobcube
Data Scientist job in Tampa FL , Jobcube
Staff Data Scientist - Ecommerce Product Ana job in Sunnyvale CA , Jobcube
Senior Data Scientist - Ecommerce Product An job in Sunnyvale CA , Jobcube
Senior Data Scientist - Omnichannel Supply C job in Sunnyvale CA , Jobcube
Data Science Intern job , Jobcube
Data Scientist [game Intelligence job , Jobcube
ORSA / Data Scientist job in Fort Meade MD , Jobcube
Sr. Data Scientist 4740 job in MD , Jobcube
Data Science Manager - Tiktok Ads job in San Jose CA , Jobcube
"Senior Data Scientist, Gen AI Innovation Center, AWS job in Washington DC ", Jobcube
"Senior Data Scientist, Gen AI Innovation Center, AWS job in Denver CO ", Jobcube
Senior Data Scientist (Remote) job in Boise ID , Jobcube
2024 University Graduate - Data Scientist job in Seattle WA , Jobcube
Data Scientist job in Irving TX , Jobcube
Data Science Project Manager job in San Diego CA , Jobcube
Senior Data Science Consultant job , Jobcube
Data Scientist job in Fort Meade MD , Jobcube
Data Scientist job in Chicago IL , Jobcube
Data Scientist Advanced Development Program job in Charlotte NC , Jobcube
Data Science Summer Institute Undergraduate Student Intern job in Livermore CA , Jobcube
Data Scientist job in Reston VA , Jobcube
Lead Data Scientist job in San Francisco CA , Jobcube
"Senior Data Scientist, E2e job in Bentonville AR ", Jobcube
Vice President Cyber Data Science - C job in Ashburn VA , Jobcube
Data Scientist (Supply Chain Resilience) - Clearance Require... job in Washington DC , Jobcube
Data Scientist Consultant job in Chantilly VA , Jobcube
Data Scientist job in San Bruno CA , Jobcube
Senior Data Scientist (LLM / Transformer) job in Austin TX , Jobcube
Data Science Product Specialist Co-Op job in CA , Jobcube
Data Scientist I job in New York NY , Jobcube
Data Scientist II job in Santa Monica CA , Jobcube
Sr Data Scientist job in Santa Monica CA , Jobcube
"Data Science Manager, Analytics job in New York NY ", Jobcube
Data Scientist - Innovation Ochsner job in New Orleans LA , Jobcube
Staff Data Scientist - E2e job in Bentonville AR , Jobcube
Principal Data Scientist - E2e job in Bentonville AR , Jobcube
Sr. Data Scientist (Starlink Product) job in El Segundo CA , Jobcube
Data Scientist job in Washington DC , Jobcube
University - Data Scientist job in McLean VA , Jobcube
Director - Business Data Science job in San Francisco CA , Jobcube
"Senior Data Scientist, Machine Learning job in San Francisco CA ", Jobcube
Principal Data Scientist Computer Vision - Military Veterans job in Nashville TN , Jobcube
Data Scientist job in Lakewood NJ , Jobcube
"Lead Data Scientist, Digital Transformation job in Boston MA ", Jobcube
"Graduate Intern, Data Scientist (Spring, 2024) job in Atlanta GA ", Jobcube
Data Science Intern job in Brea CA , Jobcube
"Graduate Intern, Data Scientist (Summer, 2024) job in Atlanta GA ", Jobcube
Senior Data Scientist Managing Consultant job in Chantilly VA , Jobcube
"Director, Data Science - Instagram Growth job in San Francisco CA ", Jobcube
Senior Principal Dco Data Scientist job in Savage MD , Jobcube
Principal Dco Data Scientist job in Savage MD , Jobcube
Senior Data Scientist - Clearance Required job in Tysons VA , Jobcube
Senior Data Scientist (3 Months) job , Jobcube
Data Scientist - Lahore job , Jobcube
"Intern, Customer Data Science job ", Jobcube
"Data Scientist, Product job in San Francisco CA ", Jobcube
Data Scientist - Tiktok Ads job in San Jose CA , Jobcube
Data Scientist- Tiktok Ads job in San Jose CA , Jobcube
"Data Scientist- Tiktok Ads, Ads Interfaces job in Mountain View CA ", Jobcube
Data Scientist Associate- Early Career job in Fort Worth TX , Jobcube
Senior Data Scientist job in Mayfield Heights OH , Jobcube
Process Data Science Intern job in Englewood CO , Jobcube
"Senior Associate Data Scientist, Quant Surveillance & Tech job ", Jobcube
Data Science Lead job in Bethesda MD , Jobcube
"Associate Manager, Data Science and Engineering (Remote) job in Texas NJ ", Jobcube
Data Science Internship job in Boston MA , Jobcube
Internship - Data Science job , Jobcube
Bioinformatics Scientist (Data Science) job in Cambridge MA , Jobcube
Sr. Director of Data Science job in San Francisco CA , Jobcube
"Senior Manager II, Data Science job in Dallas TX ", Jobcube
"Intern, Applied Data Science job in Mountain View CA ", Jobcube
Power Systems Engineer - Data Science Applications job in Livermore CA , Jobcube
"Senior Manager II, Data Science - Omnichanne job in Bentonville AR ", Jobcube
"USA) Senior Manager I, Data Science job in Dallas TX ", Jobcube
"Data Science Internship, 2024 job in Philadelphia PA ", Jobcube
Data Science Developer job , Jobcube
Dir Analytics & Data Science - Operations Analytics job in Seattle WA , Jobcube
Data Science Engineer job , Jobcube
Summer 2024 Data Science Intern job in Boston MA , Jobcube
Summer 2024 Data Science Intern- Internal Research & Develop... job in Herndon VA , Jobcube
"Part-Time Assistant Professor, Data Science job in San Diego CA ", Jobcube
"Senior Manager I, Data Science - Omnichannel job in Sunnyvale CA ", Jobcube
Data Science Summer Intern job in New York NY , Jobcube
Sr Engineer - Data Science job in Gaithersburg MD , Jobcube
Data Science Developer (Senior) job in Annapolis MD , Jobcube
"Senior Scientist, Data Science job in Boston MA ", Jobcube
Senior Data Science and Management Analyst job in Herndon VA , Jobcube
"Sr. Manager, Data Science job ", Jobcube
AI ML Data Science Engineer job in Fort Collins CO , Jobcube
Nike Data Science Graduate Intern job in Beaverton OR , Jobcube
Director of Data Science job in Detroit MI , Jobcube
Data Science Program Lecturer job , Jobcube
"Principal Data Scientist - Dataml, Enterprise Data Science job in New York NY ", Jobcube
Data Science Intern job in Niles IL , Jobcube
"Associate, Data Science Project Analyst job in Stamford CT ", Jobcube
Data Science Engineering Manager job , Jobcube
Director Commercial Data Science Services job in Amsterdam NY , Jobcube
Contractors’ Warehouse — Data Science Undergraduate Internsh... job in Atlanta GA , Jobcube
Audio Data Science Intern job in Niles IL , Jobcube
Data Science Instructor (All Levels) job in Dallas TX , Jobcube
Data Science Expert job , Jobcube
"Directors, Data Science job in New York NY ", Jobcube
Head of Markets Data Science Platform job in Florham Park NJ , Jobcube
E2e Product Manager / Data Science job in Bentonville AR , Jobcube
"(Senior) Scientist, Clinical Development Data Science job in Princeton NJ ", Jobcube
Adjunct Faculty- Data Science job in New York NY , Jobcube
Data Science Insurance Consultant job in Boston MA , Jobcube
Data Science Manager - GPS job in Boston MA , Jobcube
Michigan Institute for Data Science - Postdoctoral Fellowships: Michigan Data Science Fellows & Sc... job in Ann Arbor MI , Jobcube
Graduate Internship - Data Science (MS/Phd) job in Austin TX , Jobcube
College Graduate - Data Science (BS/MS) job in Austin TX , Jobcube
"Senior Product Analyst Manager, Data Science job in Seattle WA ", Jobcube
"Senior Manager, Clinical Data Science job in Redwood City CA ", Jobcube
Data Science Platform Engineer job in Austin TX , Jobcube
"Director, Data Science job in Sunnyvale CA ", Jobcube
"Contractors’ Warehouse — Director, Data Science – Retail Med... job in Atlanta GA ", Jobcube
Senior Manager Data Science and Reporting job in Portland OR , Jobcube
"Sr Director, Data Infrastructure & Data Science job in New York NY ", Jobcube
Engineering Management / Data Science job in Philadelphia PA , Jobcube
"Data Science Manager, Instagram Notification Systems job in New York NY ", Jobcube
"Senior Director I, Data Science – Omnichannel Supp job in Wakefield MA ", Jobcube
Data Science Internship job in Milpitas CA , Jobcube
Dir Analytics & Data Science- PRO/HR Analytics job in Seattle WA , Jobcube
"Manager 2, Data Science job in Mountain View CA ", Jobcube
"Manager 3, Data Science job in San Diego CA ", Jobcube
"Data Science Architect, Mid job in Bethesda MD ", Jobcube
2024 Summer Intern: Data Science job in Greenwood Village CO , Jobcube
"Software Engineer, Data Science (Experienced/Senior) job in Kent WA ", Jobcube
Data Science QA job in Miami FL , Jobcube
Commercial Analytics & Data Science Specialist job in Center TX , Jobcube
Senior Manager - Data Science & Growth Analytics job in Bellevue WA , Jobcube
"Director, Data Science - Retail Media job in Atlanta GA ", Jobcube
"Data Science Manager, Ads Platform & Experience job in New York NY ", Jobcube
Data Science Manager job , Jobcube
Data Science Manager job in Minneapolis MN , Jobcube
Data Science Developer job in Houston TX , Jobcube
Data Science Engineer job in New York NY , Jobcube
Data Science Graduate Internship (Remote - Summer 2024) job in Atlanta GA , Jobcube
Data Science Undergraduate Internship (Remote - Summer 2024) job in Atlanta GA , Jobcube
"Senior Manager II, Data Science (Store No. 8) job in Sunnyvale CA ", Jobcube
"Senior Manager I, Data Science Omnichannel S job in Bentonville AR ", Jobcube
"Senior Manager II, Data Science Omnichannel Supply job in Sunnyvale CA ", Jobcube
"Principal Data Scientist - NLP, Enterprise Data Science job in New York NY ", Jobcube
"Consultant, Data Science & Analytics job ", Jobcube
Data Science - Business Intelligence job in Arlington VA , Jobcube
"Director, Data Science job ", Jobcube
Machine Learning Engineer - CERT Data Science Team job in Pittsburgh PA , Jobcube
Data Science Intern job in Boston MA , Jobcube
Data Science Consultant - South job in Atlanta GA , Jobcube
"Associate Director, Quantitative Science (Data Science/Stati... job in San Rafael CA ", Jobcube
"Intern Masters, Data Science job in Deerfield IL ", Jobcube
"Director, Data Science - Omnichannel Supply Chain job in Sunnyvale CA ", Jobcube
Data Science Summer 2024 Intern job in New York NY , Jobcube
Summer 2024 - Learning Data Science Intern (Graduate) job in Cary NC , Jobcube
Data Science/Analyst Intern Summer 2024 job in Wichita KS , Jobcube
"Product Strategist - Artificial Intelligence, Data Science &... job in Dallas TX ", Jobcube
Data Science Teaching Assistant - (on-Site/Chicago) job in Chicago IL , Jobcube
Manager 3 Data Science job in Atlanta GA , Jobcube
"Senior Manager I, Data Science, Omnichannel Supply job in Sunnyvale CA ", Jobcube
Data Science Manager - South job in Atlanta GA , Jobcube
"Business Data Science Manager, Finance job in Kirkland WA ", Jobcube
Data Science Instructor-Independent Contractor (Hybrid) job in Washington DC , Jobcube
Data Science Phd Internship (Remote - Summer 2024) job in Atlanta GA , Jobcube
Data Science Lead - Tiktok Global Music job in San Jose CA , Jobcube
Research and Data Science Analyst job in Quantico VA , Jobcube
Head of Data Science job , Jobcube
Principal Data Science job , Jobcube
Data Science Co-Op (January-July 2024) job in Boston MA , Jobcube
Data Science Financial Service Consultant job in Boston MA , Jobcube
"Data Science Manager, Infra Privacy job in Seattle WA ", Jobcube
Growth Data Science job in San Francisco CA , Jobcube
"Senior Director, Head of Clinical Development Data Science job in Princeton NJ ", Jobcube
Lead Data Science Product Mgr job in Chicago IL , Jobcube
Data Science - Internship job , Jobcube
Data Science Engineer (Senior) job in Annapolis MD , Jobcube
Senior / Staff Research Engineer - Data Science and ML job in South San Francisco CA , Jobcube
Junior Data Science Analyst/ Engineer job in Springfield VA , Jobcube
Ticketing Data Science Representative - Part Time job in San Antonio TX , Jobcube
"Audit & Assurance Data Science Intern - Summer/Fall 2023, Wi... job in Boston MA ", Jobcube
Data Science Senior Manager - Banking job in Boston MA , Jobcube
S. Scott Collis Fellowship in Data Science 2024 job in Albuquerque NM , Jobcube
"Senior Manager II, Data Science - Marketing Analytics job in South San Francisco CA ", Jobcube
"Senior Manager II, Data Science: Walmart Creator job in South San Francisco CA ", Jobcube
"Directors, Data Science and Analytics, Customer Marketing job in New York NY ", Jobcube
Intern: Data Analytics / Data Science job in Carlsbad CA , Jobcube
"Senior Data Science Engineer, Adobe Firefly job in San Francisco CA ", Jobcube
"Principal Associate, Data Science - Retail Bank job in McLean VA ", Jobcube
"Data Science, Solution Architect job in Quincy MA ", Jobcube
"Director, Content Data Science job in Mountain View CA ", Jobcube
Data Science and Analytics Manager job in Everett WA , Jobcube
Data Science Manager job in Memphis TN , Jobcube
"Data Science Manager, Creative Intelligence job in New York NY ", Jobcube
Assistant/Associate Professor of Data Science job in Wichita KS , Jobcube
"Manager, Data Science, Anti-Cheat - Fandom Data Services job in Los Angeles CA ", Jobcube
"Senior Manager I, Data Science - E2e job in Bentonville AR ", Jobcube
Internship - 2024 Graduate Data Science Intern job in Maplewood MN , Jobcube
"Director, Data Engineering and Data Science job in Denver CO ", Jobcube
"Senior Advisor, Data Science and Analytics job in New York FL ", Jobcube
"Senior Director, Data Science, Analytics & Data Strategy job in Iowa LA ", Jobcube
MGR - Dir of Research and Data Science - Engaged job in Englewood CO , Jobcube
"Senior Managers, Data Science job in New York NY ", Jobcube
Spatial Data Science job , Jobcube
NYC Summer Data Science Internship job in New York NY , Jobcube
"Manager, Data Science - Retail Bank job in McLean VA ", Jobcube
"Associate Director, Commercial Data Science job in Princeton NJ ", Jobcube
"Senior Manager I, Data Science – Omnichannel job in Bentonville AR ", Jobcube
Data Science Solution Engineer job , Jobcube
Manager of Business Systems Integration and Data Science 3 job in Clearfield UT , Jobcube
MBA Internship - Advanced Analytics Data Science job , Jobcube
"Analytics Analyst, Data Science & Analytics job ", Jobcube
Applied Data Science Manager job , Jobcube
"Senior Manager I, Data Science - Yield Analytics ( job in Hoboken NJ ", Jobcube
Data Science Leader job , Jobcube
Senior Data Science Specialist job in Rosslyn VA , Jobcube
Data Science Internship (Graduate)  / Remote - Summer 2024 job in Boston MA , Jobcube
Data Science Summer Institute Graduate Student Internship job in Livermore CA , Jobcube
"Intern, IT - Operations Research - Data Science (Summer 2024... job in Atlanta GA ", Jobcube
"Data Science Manager, Amazon B2b Payments and Lending job in New York NY ", Jobcube
"Senior Director I, Data Science -Omnichannel Suppl job in Bentonville AR ", Jobcube
Data Science Intern - Foundation Engineering job , Jobcube
"Data Science Swes - TOP Mission, $ - FS Poly job in Annapolis MD ", Jobcube
Head of Data Science (AD- Pharmacovigilance DS) job , Jobcube
Cyber Data Science Engineer job in Springfield VA , Jobcube
Data Science Engineer job in Stamford CT , Jobcube
Director - Data Science (AI Solutions) job in MD , Jobcube
Senior Data Science Analyst - TS/SCI job in Chantilly VA , Jobcube
Stars Data Science & Analytics Senior Manager - Remote job , Jobcube
Software Engineer - Data Science job , Jobcube
Financial Data Analyst - Digitalization/Data Science job in Plano TX , Jobcube
Sr Manager Data Science (Risk) job , Jobcube
"Part Time Assistant Professor, Data Science job ", Jobcube
Data Science Manager job in Seattle WA , Jobcube
Missouri - Adjunct Instructor - Data Science , Maryville University - M... job in Columbus OH | Jobcube
Data Science Manager job in San Diego CA , Jobcube
"Senior Associate, Data Science - Financial Services job in Plano TX ", Jobcube
"Principal Associate, Data Science - Financial Services job in Plano TX ", Jobcube
"Senior Manager I, Data Science- Omnichannel Supply job in Bentonville AR ", Jobcube
2024 AARC Senior Data Science Analyst job in Chicago IL , Jobcube
Data Science Internship job , Jobcube
"Data Engineer, Translational Data Science job in Cambridge MA ", Jobcube
"Director, Data Science Instrumentation & Architecture job in Mountain View CA ", Jobcube
"Senior Manager, Data Science - Reinforcement Learning (Remot... job in Atlanta GA ", Jobcube
Clinical Data Science Lead job , Jobcube
"Data Science Analyst/Engineer, Junior job in Springfield VA ", Jobcube
"Software Engineer, Data Science job in San Francisco CA ", Jobcube
Data Science and Machine Learning Community Manager job , Jobcube
"Senior Data Scientist, Search Customer Experience Data Scien... job in Seattle WA ", Jobcube
"Director, Data Science - Retail Media+ - Military Veterans job in Atlanta GA ", Jobcube
"Sr Director, Data Infrastructure & Data Science job in Milwaukee WI ", Jobcube
Internship - 2024 Undergraduate Data Science & Engineering I... job in Maplewood MN , Jobcube
Data Science Cyber Systems Engineer job in Springfield VA , Jobcube
"Data Science Intern, 2024 Summer U.S job in Mountain View CA ", Jobcube
"Senior Director, Head of Commercial Data Science job in Princeton NJ ", Jobcube
"Solution Architect, AI and Data Science job ", Jobcube
Senior Manager of Data Science job , Jobcube
Data Science Fellow job in Chicago IL , Jobcube
Data Science Technical Product Owner job in Charlotte NC , Jobcube
"Director, Revenue Data Science, Remote job in Chicago IL ", Jobcube
Data Science Analyst job , Jobcube
"Director, Data Science job in Cambridge MA ", Jobcube
"Senior Engineer, Data Science job ", Jobcube
Lead Data Science Analyst (Multiple Openings) - IHM job in Riverwoods IL , Jobcube
Senior Manager - Data Science (AI Solutions) job in MD , Jobcube
"Senior Manager II, Data Science - Omnichannel Supp job in Sunnyvale CA ", Jobcube
"Data Science Lead, VCA Managed Service job ", Jobcube
Data Science Intern (Summer 2024) job , Jobcube
Principal Data Science job in Riverwoods IL , Jobcube
"Manager, Data Science and Machine Learning job ", Jobcube
Data Science Assistant - Internship job , Jobcube
"Sales Engineer, Data Science job in New York NY ", Jobcube
Data Science Consultant / Manager -Utilities job in Boston MA , Jobcube
"Manager, Business Intelligence & Data Science (Voice of Memb... job in Vienna VA ", Jobcube
"Senior Manager, Data Science job in San Diego CA ", Jobcube
Engineering Manager for Data Science Platforms job , Jobcube
Investment Analytics & Data Science - 2024 Undergraduate Sum... job in Boca Raton FL , Jobcube
Data Science Manager (Client Platforms & Analytics) job , Jobcube
Data Science Senior Advisor job , Jobcube
"Senior Director, Data Science job in New York NY ", Jobcube
Intern - Smart Manufacturing and AI Data Science job in Boise ID , Jobcube
Data Science Manager - Life Sciences Supply Chain Operations job in Boston MA , Jobcube
"VP Data Science, Citi Global Wealth – Citi Alliance/Cardinal job in New York NY ", Jobcube
"Data Science Industrialization, Analytics Engineering Manage... job ", Jobcube
TEAM Scientists - Translational Data Science #Med197a , Univ... job in Chicago IL | Jobcube
"Data Science Leader, Tiktok Ecosystem & Analytics job in San Jose CA ", Jobcube
"Scientist 2, Data Science job ", Jobcube
2024 Graduate - Data Science - System Performance Evaluation job in Laurel MD , Jobcube
"Director, Data Science Engineering job in New York NY ", Jobcube
"Principal Associate, Data Science - Search and Recommendatio... job in Plano TX ", Jobcube
Data Science Advisor job , Jobcube
"2024 Summer Data Science Internship - United States, Student... job in Bellevue WA ", Jobcube
"쿠팡fts] Director, Data Science Engineering job ", Jobcube
"Associate Director Data Science, Clinical Analytics (Omics, ... job in Cambridge MA ", Jobcube
Data Science Senior Manager job in Boston MA , Jobcube
Vesalius : Head of Data Science job in Cambridge MA , Jobcube
Principal Clinical Data Science Lead job , Jobcube
"Senior Director, Data Science and Modeling job ", Jobcube
"Intern, Data Science job in Charlotte NC ", Jobcube
Data Science Consultant - Health/Life Sciences job in Milwaukee WI , Jobcube
E2e Product Manager / Data Science job in Rogers AR , Jobcube
QA Engineer Data Science & Data Engineering (AC) job , Jobcube
AI Data Science Manager job in Charlotte NC , Jobcube
AI Data Science Manager job , Jobcube
General AI Data Science Specialist job , Jobcube
Behavioral Data Science Manager job in Milwaukee WI , Jobcube
Senior Clinical Data Science Lead job , Jobcube
"Senior Data Science Manager - Visa, Consulting & Analytics job ", Jobcube
Director of Data Science job in San Francisco CA , Jobcube
Data Science Missions - $$$ + 12% 401k! FS Poly job in Annapolis MD , Jobcube
Principle Data Science Architect job , Jobcube
Staff Software Engineer - Data Science and Machine Learning ... job , Jobcube
Data Science Manager job in Denver CO , Jobcube
"Senior Manager, Data Science Ads Products job in Seattle WA ", Jobcube
Data Science and Forensics Engineer - Level 2 job in Fort Worth TX , Jobcube
"Group Manager, Data Science & Analytics job in San Francisco CA ", Jobcube
"Senior Director II, DATA Science (Head of) job in Chicago IL ", Jobcube
Data Science Manager (4/5) job in New York NY , Jobcube
Data Science Manager job in Chicago IL , Jobcube
Intern - Financial Data Science Engineer job , Jobcube
"Manager, Growth Data Science job ", Jobcube
Fellow - Data Science job , Jobcube
"Data Science Lead, Tiktok Product Analytics & Ecosystem job in San Jose CA ", Jobcube
"Senior Manager II, Data Science Omnichannel Supply Chain Str... job in Sunnyvale CA ", Jobcube
Data Engineering and Data Science Coe - Commercial/Functions job in Chesterfield MO , Jobcube
AFIT Instructor of Data Science (Analytics / Management) job in Patterson OH , Jobcube
"Senior Manager II, Data Science ", People.AI | job | Jobcube
Data Science Intermediate Analyst job , Jobcube
Journeyman Data Science Manager job in Washington DC , Jobcube
AI Data Engineering and Data Science Manager (UK Remote) job , Jobcube
"Director, Advisory Services, Data Science job ", Jobcube
Advanced Data Science Associate - Intern (US Offices) job in Chevy Chase MD , Jobcube
DI Data Science Lead - Journeyman or Senior job in McLean VA , Jobcube
Data Science Open Positions Across Levels and Experience job , Jobcube
"Tenure Track, Assistant Professor of Data Science, Departmen... job in St. Paul MN ", Jobcube
Data Science Manager (Supply Chain) job in Boston MA , Jobcube
"Data Science Lead, Quant Modeling job in San Jose CA ", Jobcube
Data Science Senior Analyst job , Jobcube
Data Science Senior Analyst job in Raleigh NC , Jobcube
Senior Data Science Engineer job , Jobcube
Data Science Lead (Hybrid) job , Jobcube
"AVP Data Science, Digital Marketing, Norfolk, VA job in Norfolk VA ", Jobcube
"Director, Data Science - Omnichannel Supply Chain Strategy job in Sunnyvale CA ", Jobcube
"Data Science Director - Client Facing Projects Lead, Central... job ", Jobcube
"Research Data Science, Future Leaders Graduate Program, US, ... job in Upper Providence PA ", Jobcube
Sr Data Scientist - Data Science job , Jobcube
R&D Data Science and Engineering (Experienced) Remote job in Albuquerque NM , Jobcube
Supply Chain - Data Science Consultant job in Boston MA , Jobcube
Data Science Team Lead job in Montpelier VT , Jobcube
"Pilote Métrique Logiciel, Data Science job ", Jobcube
"Senior Manager I, Data Science, Omnichannel Supply Chain Str... job in Sunnyvale CA ", Jobcube
Expression of Interest: Data Science Manager job , Jobcube
Part-Time Lecturer – MS in Applied Data Science , University... job in Chicago IL | Jobcube
Data Science Consultant -SQL/Python/Statistics/Analytics job , Jobcube
Data Science Lead Analyst job , Jobcube
Upstate New York - Post-Baccalaureate Fellow in Environmental Data Science (Cov... job in Saratoga Springs NY , Jobcube
Clinical Professor (Open-Rank) - MS in Applied Data Science ... job in Chicago IL , Jobcube
Sr Analyst- Data Science and Analytics job , Jobcube
Data Engineering and Data Science Coe (Industrial Ops & Safe... job in Chesterfield MO , Jobcube
"Technical Lead, Data Science job in Seattle WA ", Jobcube
Data Science Manager job in Phoenix AZ , Jobcube
"Senior Manager, Data Science job ", Jobcube
"Director, OBU Commercial Data Science & AI - Product (3 Role... job in Gaithersburg MD ", Jobcube
Phd Data Science - NLP Intern (Summer 2024) job , Jobcube
Intern - Data Science - Summer 2024 - Now Hiring job in Meridian MS , Jobcube
New England - Postdoctoral Research Position in Data Science , Harvard Uni... job in Cambridge MA | Jobcube
"Director, Data Science/Analytics (Marketplace Catalog) job ", Jobcube
"Director, Business Analytics and Data Science job ", Jobcube
"Engagement Leader, Data Science – Life Sciences Analytics Pr... job in Berkeley Heights NJ ", Jobcube
"Senior Scientist, Translational Data Science (Machine Learni... job in Princeton NJ ", Jobcube
"Principal Associate, Data Science job in New York NY ", Jobcube
Intern: Data Analytics/Data Science job , Jobcube
Director Data Science for Target and Product Discovery job , Jobcube
Data Science Intern - Summer 2024 (HBCU Students) job in Tysons VA , Jobcube
Sr Dir Data Science - Head of AI Innovation Lab job in Chicago IL , Jobcube
Senior Director-BI&a AI/ML Data Science job in Indianapolis IN , Jobcube
Advanced Data Science Associate Consultant - Intern (US Offi... job in Chevy Chase MD , Jobcube
Senior Software Engineer- Equity Data Science job in Boston MA , Jobcube
2024 Summer Intern- Data Science- London job , Jobcube
Co-Op - Data Science Co-Op job in Princeton NJ , Jobcube
"Data Science Senior Director, Generative AI job in Charlotte NC ", Jobcube
"Biostatistician II, Biomedical Data Science Hub, Dell Medica... job in Austin TX ", Jobcube
"Senior Manager II, Data Science job in Bentonville AR ", Jobcube
"VP, Head of Data Science and Systems Biology job in Cambridge MA ", Jobcube
2024 Summer Intern: Data Science (Sam's Club) job in Rogers AR , Jobcube
"Sr. Manager, Content Data Science job in Mountain View CA ", Jobcube
"Metro New York & Southern Connecticut - Director, Data Science Resource Center (Salary Range: $120k-... job in New York NY ", Jobcube
Content SME/Instructor II/Data Science and Analysis job in Springfield VA , Jobcube
Director-PM Data Sciences job in Chicago IL , Jobcube
"Mrna – R&D Data Science, Innovation and Engagement Leader - ... job ", Jobcube
Data Science Manager job in Austin TX , Jobcube
"Data Science, Manufacturing job in Boise ID ", Jobcube
Manager Data Science job in Arlington VA , Jobcube
Data Science & Insights Leader (M/F/D) job , Jobcube
"Senior Manager I, Data Science- Omnichannel Supply Chain Str... job in Rogers AR ", Jobcube
"Data Science Manager (Bangkok Based, Relocation Provided) job ", Jobcube
Metro New York & Southern Connecticut - Tenure-Track Assistant Professor-Data Science , University o... job in West Haven CT | Jobcube
Senior Instructional Professor (Open Rank) Data Science , Un... job in Chicago IL | Jobcube
Southern California - Adjunct Professor of Data Sciences and Operations , Universi... job in Los Angeles CA | Jobcube
Data Science Specialist Temporary job in Mountain View CA , Jobcube
Instructional Professor (Open Rank) in Data Science , Univer... job in Chicago IL | Jobcube
"Senior Computational Biologist, Data Science job in Cambridge MA ", Jobcube
"Product Data Scientist, Search Data Science and Engineering job ", Jobcube
Stage 2024 - Ingenieur En Data Science (H/F) job , Jobcube
"Senior Manager II, Data Science - Omnichannel Supply Chain S... job in Sunnyvale CA ", Jobcube
"2024 Summer Intern: Walmart Connect, Data Science job in Hoboken NJ ", Jobcube
"Manager, Project Management (Data Science) - Military Vetera... job in Hartford CT ", Jobcube
Data Science Intern job in Champaign IL , Jobcube
"Senior Director I, Data Science -Omnichannel Supply Chain St... job in Rogers AR ", Jobcube
Southern California - Computational Data Science Research Specialist , University ... job in San Diego CA | Jobcube
Senior Backend Developer - Data Science Team job , Jobcube
12467 - POST-Degree-Data Science Skills job , Jobcube
New England - Associate or Full Professor - Health Data Science PH-290 , B... job in Providence RI | Jobcube
Data Science NLP Dataiku job , Jobcube
2024 Summer Intern: Data Science (Sam's Club) job in Bentonville AR , Jobcube
(Senior) Consultant Data Science (M/F/D) - Ref36966e job , Jobcube
Data Science Team Lead job in Boston MA , Jobcube
"Corporate Rotation Program - Engineering, Data Science & Tec... job in King of Prussia PA ", Jobcube
"R&D Data Science, Analytics and Applications (Experienced) -... job in Albuquerque NM ", Jobcube
Full Time Faculty - Data Science - Associate Professor (Onli... job , Jobcube
"Central Midwest - Director, Data Science & Analysis Hub ", University of Northe... job in Cedar Falls IA | Jobcube
"Manager, Data Science - Marketing job ", Jobcube
Data Science and Machine Learning Matching Specialist job , Jobcube
Stage En Gestion De Projet - Data Science / Analytics (H/F) job , Jobcube
Data Science Lead - User Growth job , Jobcube
"Director, Data Science - Rider + U4b job in New York NY ", Jobcube
Applied Data Science and Analysis Engineer - Military Vetera... job in San Diego CA , Jobcube
System Architect - Data Science and AI job , Jobcube
"Senior Manager I, Data Science - Omnichannel Supply Chain St... job in Rogers AR ", Jobcube
Spec Analytics Intmd Analyst - C11 - Data Science job , Jobcube
2024 University Recruiting - Data Science Co-Op job in Boston MA , Jobcube
Senior Data Science Analyst - Management and Enterprise Busi... job in New York NY , Jobcube
BME Department - Associate or Full Professor in AI/Data Science in Biomedical... job in New York NY , Jobcube
"Senior Software Engineer, Data Science job in San Francisco CA ", Jobcube
"Associate Director, Clinical Data Science job in Redwood City CA ", Jobcube
"2024 Summer Intern: Walmart Connect, Data Science, Walmart I... job in Hoboken NJ ", Jobcube
Retail Bank Price and Policy Optimization Data Science Lead ... job in McLean VA , Jobcube
"Director, Data Science - Cares job in Atlanta GA ", Jobcube
"Associate Director of Data Science and Engineering, Invivomi... job in Salt Lake City UT ", Jobcube
"Senior Model Governance Analyst, Data Science & Analytics job ", Jobcube
Data Science Lead job in Los Angeles CA , Jobcube
Data Science Consultant job in Rosslyn VA , Jobcube
"Manager, Data Science job in Austin TX ", Jobcube
Consultant - Data Science job , Jobcube
Principal Data Science (Multiple Openings) - IHM job in Riverwoods IL , Jobcube
"Phd Director, Data Science R&D (Decision Sciences Identity T... job in Chicago IL ", Jobcube
"Senior Biostatistician, Biomedical Data Science Hub, Dell Me... job in Austin TX ", Jobcube
"Data Science Lead, Trust & Safety job ", Jobcube
Chief of Staff and Product Delivery Lead - Data Science Orga... job in Irving TX , Jobcube
"Biostatistician III (Masters), Biomedical Data Science Hub, ... job in Austin TX ", Jobcube
Ingenieur (*) Data Science Manufacturing (New Health Care Co... job , Jobcube
Data Science Consultant job in Atlanta GA , Jobcube
Data Science Engineer - Remote job in Miami FL , Jobcube
"Staff, Backend Engineer (FTS-Data Science) job ", Jobcube
Duales Studium B.Sc. Data Science Und Künstliche Intelligenz... job , Jobcube
Data Science Leader - E-Commerce Operations job , Jobcube
"Internship: Microbiome Data Science in Therapeutic Vaccines,... job ", Jobcube
City Scholars Data Science Internship job in Chicago IL , Jobcube
Data Science & Analytics job , Jobcube
2024 Data Science Graduate Intern job in Chantilly VA , Jobcube
Data Science/Machine Learning - Don't See What You Are Looki... job in Salt Lake City UT , Jobcube
Data Science Fellowship - 2024 job in Alexandria VA , Jobcube
Senior Staff Backend Engineer(FTS-Data Science) job , Jobcube
Federal - Data Science Practitioner job in Arlington VA , Jobcube
Senior Data Science Consultant job in Arlington VA , Jobcube
"Staff Engineer, Data Science job ", Jobcube
"Principal Engineer, Data Science job ", Jobcube
"Associate Engineer, Data Science job ", Jobcube
Federal - Data Science Practitioner job in Washington DC , Jobcube
AI Data Science Consultant job in Arlington VA , Jobcube
Senior Consultant - Data Science job , Jobcube
Pflichtpraktikum - Data Science / Data Analytics (Forschung ... job , Jobcube
Associate Data Science Director job in PA , Jobcube
"Director, Data Science job in New York NY ", Jobcube
Data Science NLP job , Jobcube
Risk and Data Science Analyst: Building a Whole New Type of ... job , Jobcube
"New England - Research Software Engineer, Data Science ", Dana-Farber Cance... job in Boston MA | Jobcube
"Senior Data Scientist, Data Sciences (SAS) job in Princeton NJ ", Jobcube
Post-Doctoral Associate in Cancer Data Science , University ... job in Minneapolis MN | Jobcube
Duales Studium: B.Sc. Data Science Und Künstliche Intelligen... job , Jobcube
AI Data Science Senior Consultant job in Arlington VA , Jobcube
"Data Science Intern, Phd, 2024 job ", Jobcube
"Assistant Professor, Biology, Biological Data Science job in San Francisco CA ", Jobcube
"Senior Staff Engineer, Data Science job ", Jobcube
"Assistant Manager, Data Science job ", Jobcube
Développeur Python Data Science job , Jobcube
Statistical Data Sciences Lead job , Jobcube
Data Science R&D - Graduate Intern job in Boise ID , Jobcube
2024 Summer Intern: Ecommerce Data Science job in New York NY , Jobcube
Data Science - Document Processing /NL job , Jobcube
Integrated Data Science and ML Postdoctoral Appointee - Hybr... job in Albuquerque NM , Jobcube
"Senior Manager I, Data Science job in Sunnyvale CA ", Jobcube
Stage 2024 - Stage En Data Science Pour Le Traitement Automa... job , Jobcube
"Senior Engineer, Data Management Engineering (Data Science) job ", Jobcube
"Senior Director, Vaccines R&D Data Sciences (AI/ML) job in New York NY ", Jobcube
"Senior Data Scientist, Data Sciences (SAS) - Military Vetera... job in Princeton NJ ", Jobcube
Software Test Engineer II -Data Science and Analytics job , Jobcube
"Associate, Associate Data Manager, Clinical Data Sciences job ", Jobcube
"Senior Data Scientist, Advertising DSP, Ads Science & Analys... job in Seattle WA ", Jobcube
Senior Manager Data Science (Inqbator Hub) job in Newton MA , Jobcube
Staff Data Scientist - Marketing Decision Science job in Sunnyvale CA , Jobcube
"Staff Data Scientist - Science Management, E2e job in Bentonville AR ", Jobcube
Staff Data Scientist - Science Management job in Bentonville AR , Jobcube
"Principal Data Scientist - Science Management, E2e job in Bentonville AR ", Jobcube
072777-Capgemini Invent - Managing Data Scientist for Life S... job in Reedley CA , Jobcube
"Data Science Architect, Mid job ", Jobcube
072776-Capgemini Invent - Senior Data Scientist/Specialist f... job in New York NY , Jobcube
Sr Data Scientist - Marketing Science job in New York NY , Jobcube
Sr Data Scientist - Marketing Science job in Seattle WA , Jobcube
Data Science Intern job in Omaha NE , Jobcube
Staff Data Scientist - Science Management job in Rogers AR , Jobcube
"Staff Data Scientist - Science Management, E2e job in Rogers AR ", Jobcube
Senior Data Scientist job in DC , Jobcube
Data Scientist job in Cary NC , Jobcube
Data Scientist (Hybrid Remote Dod Clearance Required) job in Linthicum Heights MD , Jobcube
Senior Manager Data Science job in Riverwoods IL , Jobcube
Senior Data Scientist job in Arlington VA , Jobcube
Data Scientist job in Annapolis MD , Jobcube
Research Data Scientist job in New York NY , Jobcube
Data Scientist II job in San Diego CA , Jobcube
Data Scientist job in New York NY , Jobcube
4214 - Mid-Level Data Scientist (TS/SCI - FSP) job in Annapolis MD , Jobcube
"Data Science Manager II, Generative AI job in New York NY ", Jobcube
"Lead Data Scientist, Product (Remote) job in Boston MA ", Jobcube
Risk Data Scientist job in Wilmington DE , Jobcube
NLP Data Scientist for Insurance and Mutual Fund Firm job in Boston MA , Jobcube
Data Scientist job in CA , Jobcube
IT Help Desk job in Russellville AR , Jobcube
Data Scientist job in Cleveland OH , Jobcube
Data Scientist job in North Canton OH , Jobcube
Data Science Manager job in Atlanta GA , Jobcube
"Director, Data Science & Analysis job in Atlanta GA ", Jobcube
4213 - Junior Data Scientist (TS/SCI - FSP) job in Annapolis MD , Jobcube
Data Scientist III job in Grand Rapids MI , Jobcube
Data Scientist job in Falls Church VA , Jobcube
Lead Data Scientist - Online Platforms Reinforcement Learnin... job in Atlanta GA , Jobcube
Contractors’ Warehouse — Lead Data Scientist – Online Platfo... job in Atlanta GA , Jobcube
"Contractors’ Warehouse — Lead Data Scientist, Customer Exper... job in Atlanta GA ", Jobcube
Data Science Manager - Marketing job in New York NY , Jobcube
Data Scientist job in Rockville MD , Jobcube
Data Scientist - Entry Level job in Livermore CA , Jobcube
Data Scientist job in Lewisville TX , Jobcube
Talent Acquisition Data Scientist job in San Francisco CA , Jobcube
Senior Data Scientist job in Suitland MD , Jobcube
Data Scientist - FS Poly job in Reston VA , Jobcube
Data Scientist - CI Poly job in Reston VA , Jobcube
Data Science Analyst-Hsom job in Birmingham AL , Jobcube
Integration Data Scientist - Med Device - Burlington MA job in Boston MA , Jobcube
Senior Data Scientist job in Gordon GA , Jobcube
Data Scientist - Intern (Fall 2023) job in Redwood City CA , Jobcube
Data Scientist - Commercial Operations (Remote) job in Washington CA , Jobcube
Data Scientist - Sales Operations (Remote) job in Seattle WA , Jobcube
"Data Scientist, Senior job in Chantilly VA ", Jobcube
Sr Data Scientist - Military Veterans job in Pleasanton CA , Jobcube
Data Scientist job in San Jose CA , Jobcube
Assistant Professor of Biomedical Data Science job in Stanford CA , Jobcube
"Sr. Manager, Data Scientist job in Durham NC ", Jobcube
"Data Scientist, Mid job in Alexandria VA ", Jobcube
Lead Data Scientist job in Dublin OH , Jobcube
Data Scientist job in Great Neck NY , Jobcube
"Director, Data Science & Analytics Creation Products job in San Mateo CA ", Jobcube
Data Scientist job in San Diego CA , Jobcube
Data Scientist (2022-160) job in Fort Meade MD , Jobcube
"Director, Data Scientist - Biopharma job in Tampa FL ", Jobcube
Staff Data Scientist Solutions Design Team job in Bentonville AR , Jobcube
Director- Data Science job , Jobcube
"Sr. Data Scientist, Private Pricing Analytics & Insights job in Seattle WA ", Jobcube
Senior Data Scientist - Discovery Experiences job in San Mateo CA , Jobcube
Pricing job in Lorida FL , Jobcube
Senior Data Scientist job in Sunnyvale CA , Jobcube
Senior Full Stack Data Scientist job in Atlanta GA , Jobcube
Office Admin Apprenticeship job in Newport AR , Jobcube
Senior Data Scientist/Data Engineer job in San Francisco CA , Jobcube
State of Virginia Looking for Senior Data Scientist/Engineer job in Richmond VA , Jobcube
"Sr. Data Scientist, Specialist-Merchandising Analytics, Comm... job in IL ", Jobcube
"Director, Data Science - Marketing Analytics job in Hartford CT ", Jobcube
Data Scientist (Mid/Senior) - Clearance Desired job in Colorado Springs CO , Jobcube
Data Scientist job in Pittsburgh PA , Jobcube
"Jr. Data Scientist, Minerva Analytics job in San Diego CA ", Jobcube
Data Scientist job in San Mateo CA , Jobcube
"Data Scientist, Product Analytics job in Denver CO ", Jobcube
Cdna - Senior Data Science Manager (Omnichannel Orchestratio... job in Thousand Oaks CA , Jobcube
Data Scientist job in Springfield VA , Jobcube
"Manager, Data Scientist - Biopharma job in Tampa FL ", Jobcube
Data Scientist - All Levels job , Jobcube
New England - Senior Data Scientist , Harvard University Alumni Affairs an... job in Columbus OH | Jobcube
Data Scientist job in Hoboken NJ , Jobcube
Sr.Data Science and Visualization Researcher job in Atlanta GA , Jobcube
Data Science Intern job in Sun Prairie WI , Jobcube
Data Scientist - Senior job in Redstone Arsenal AL , Jobcube
Data Scientist job in MO , Jobcube
Senior Data Scientist job in Offutt AFB NE , Jobcube
Data Scientist job in Tysons VA , Jobcube
Data Scientist Lead job in FL , Jobcube
Data Scientist (Remote -Virtual)- Supply Chain job in Rosemont IL , Jobcube
Data Scientist job in South San Francisco CA , Jobcube
Data Scientist job in Scott AFB IL , Jobcube
Diversity and Inclusion Workforce Data Scientist job in Springfield VA , Jobcube
Data Scientist Level 2 job in Fort Meade MD , Jobcube
Data Science Analyst job in Lexington Park MD , Jobcube
"Data Scientist & Operations Research Analyst, Lead job in Columbia MD ", Jobcube
Data Scientist job in Colorado Springs CO , Jobcube
Data Scientist job in Fairfax VA , Jobcube
Senior Data Scientist job in Los Angeles CA , Jobcube
Principal Data Scientist Forecasting and Optimiztn - Militar... job in Nashville TN , Jobcube
Data Scientist Co-Op job in Creve Coeur MO , Jobcube
Marketing Data Science Manager job in Seattle WA , Jobcube
"Senior Associate, Senior Data Scientist job in New York NY ", Jobcube
Data Scientist - Intern (Summer 2024) job in Redwood City CA , Jobcube
"Data Scientist, Lead job ", Jobcube
"Data Scientist II, Anti-Cheat - Fandom Data Services job in Los Angeles CA ", Jobcube
Data Scientist (SME) job in Chantilly VA , Jobcube
Sr. Tableau Data Scientist job , Jobcube
AVP & Data Scientist - Advanced Market Analytics Lead job in St. Paul MN , Jobcube
Amazon Robotics - Data Scientist Co-Op - Fall 2023 (July - D... job in North Reading MA , Jobcube
"Senior Data Scientist, TS/SCI with Polygraph - Military Vete... job in Chantilly VA ", Jobcube
Principal Data Scientist job in Cambridge MA , Jobcube
"Technical Product Manager, Data Science job in Pasadena CA ", Jobcube
Cleared Data Scientist job in Huntsville AL , Jobcube
"Senior Data Scientist - with Python, Salesforce (Remote) job in Boise ID ", Jobcube
Current Interns Only- Sr. Data Scientist-Summer 2023 Intern ... job in Minneapolis MN , Jobcube
Manager Data Science job , Jobcube
Data Scientist job in Chantilly VA , Jobcube
"Senior Data Scientist, Analytics (Communities) job in San Francisco CA ", Jobcube
Senior Data Scientist - Data Ventures job in Dallas TX , Jobcube
Data Scientist Senior Technical Specialist job in MD , Jobcube
Associate Data Scientist Remote job in TX , Jobcube
"Principal Data Scientist , Workforce Intelligence job in Arlington VA ", Jobcube
"Data Scientist II, Product Recommendations (Remote) job ", Jobcube
Data Scientist job in Greenwood Village CO , Jobcube
Data Scientist job in Austin TX , Jobcube
Senior Data Scientist / ORSA job in Fort Meade MD , Jobcube
Data Science Architect job in Chantilly VA , Jobcube
Mid-Level ORSA / Data Scientist job in Fort Meade MD , Jobcube
4215 - Senior Data Scientist (TS/SCI -FSP) job in Annapolis MD , Jobcube
FSP Cleared Data Scientist job in VA , Jobcube
Data Scientist Manager - Statistical Modelling and Pricing job , Jobcube
Senior Data Scientist-Retail Intelligence job in Bentonville AR , Jobcube
Data - Data Science (SR) job in Falls Church VA , Jobcube
DATA Scientist (Data Officer) job in Washington IN , Jobcube
Data Scientist (Secret) job in Homestead FL , Jobcube
Staff Data Scientist job in Sunnyvale CA , Jobcube
Director of Data Science job in Arlington VA , Jobcube
Data Scientist Level 3 job in Fort Meade MD , Jobcube
"Data Scientist, Consultant job in Arlington VA ", Jobcube
Data Scientist (TS/SCI with Poly) job in Chantilly VA , Jobcube
"Data Scientist (TS/SCI with Poly) - Chantilly, Virginia ", Co... job in Chantilly VA | Jobcube
Data Scientist AI/ML job in Tysons VA , Jobcube
"Leader, Product Analytics & Data Science job in San Francisco CA ", Jobcube
Senior Data Scientist - Ad Technology job in New York NY , Jobcube
Staff Data Scientist job in Palo Alto CA , Jobcube
Senior Data Scientist / Machine Learning Engineer job in New York NY , Jobcube
Data Scientist - Technical Program Manager job in Pittsburgh PA , Jobcube
Data Scientist , Northwestern University - Military Veterans job in Evanston IL | Jobcube
Data Science (DS) Engineer job in Phoenix AZ , Jobcube
Data Scientist job in Lexington Park MD , Jobcube
Senior Data Scientist job in NY , Jobcube
Cyber Data Science Engineer job in Chantilly VA , Jobcube
Senior Data Scientist , Product job in New York NY | Jobcube
Data Scientist job in Boise ID , Jobcube
Principal Data Scientist job in Midland TX , Jobcube
Data Science Co-Op job in Champaign IL , Jobcube
Staff Data Scientist - Data Ventures job in Dallas TX , Jobcube
Data Scientist job in McLean VA , Jobcube
Sr Data Scientist/ MLE job in New York NY , Jobcube
"Principal Engineer, Data Science & Operations Research job in Long Beach CA ", Jobcube
Data Scientist  , Coverent Careers job in McLean VA | Jobcube
Data Scientist W/ Top Secret job in Arlington VA , Jobcube
Urgent Need , Senior Data Scientist | Remote job in Boston MA | Jobcube
Lead Data Scientist job , Jobcube
"Vice President, Data Sciences job in Austin TX ", Jobcube
Lead Data Scientist job in Wexford PA , Jobcube
Data Scientist SME job in NC , Jobcube
Data Scientist (2023-0136) job in Reston VA , Jobcube
"Sr. Data Scientist, Automated Vehicle Testing job in Redmond WA ", Jobcube
Data Scientist / Analyst TS/SCI (Hybrid) job in Washington DC , Jobcube
Research Data Scientist job in Washington DC , Jobcube
Staff Software Engineer - Data Science job in New York NY , Jobcube
Data Scientist and Visualization Specialist job in Arlington VA , Jobcube
"Principal Data Scientist, Marketing job in Mountain View CA ", Jobcube
Data Scientist M/F job , Jobcube
Data Scientist job in Arlington VA , Jobcube
Data Scientist (IDST) job in Tampa FL , Jobcube
"Senior Associate, Data Science - People Analytics job in New York NY ", Jobcube
Data Scientist (2022-0226) job in Annapolis MD , Jobcube
Senior Data Scientist (2022-0259) job in Chantilly VA , Jobcube
"Senior Data Scientist, Online Search job in Atlanta GA ", Jobcube
Staff Data Scientist - Sam's Club AI Labs job in Dallas TX , Jobcube
Data Science Engineer job in Columbia VA , Jobcube
Sr Principal Engineer - Data Science job in Germantown MD , Jobcube
Principal Data Scientist job in Sunnyvale CA , Jobcube
Senior Data Scientist - Behaivior job in Pittsburgh PA , Jobcube
Databricks Data Scientist job in McLean VA , Jobcube
Senior Data Scientist - AI/ML Modeler job in Berkeley Heights NJ , Jobcube
Sr. Data Scientist job in Boise ID , Jobcube
"Manager, Data Science job in Englewood CO ", Jobcube
Data Scientist - BCG X job in Washington DC , Jobcube
Reskill Arkansas - IT Training job in Kansas AR , Jobcube
"Data Scientist, Generative AI job in San Francisco CA ", Jobcube
Operations Research Analyst / Data Scientist / Top Secret/SC... job in Fort Meade MD , Jobcube
"SVP, Marketing Data Science & Technology job in New York NY ", Jobcube
Data Scientist job in Jupiter FL , Jobcube
Staff Data Scientist job in Fort Meade MD , Jobcube
Principal Data Scientist (LLM/NLP) job in Scottsdale AZ , Jobcube
Data Scientist Sr job in Seattle WA , Jobcube
Data Science Analytics job in Palo Alto CA , Jobcube
"Sr. Data Scientist, Tip-of-Spear ML/AI Work - FS Poly job in Fort Meade MD ", Jobcube
Data Scientist/Senior Data Scientist job , Jobcube
00745 Senior Data Scientist R&D Medical Safety Consultant job in Princeton NJ , Jobcube
Oliver Wyman - Senior Lead Data Scientist job , Jobcube
Summer 2024 Internship - Data Science job in Washington DC , Jobcube
Data Scientist Consultant job in San Francisco CA , Jobcube
"Graph Data Scientist, Lead job in Chantilly VA ", Jobcube
Expert Data Scientist job in New York NY , Jobcube
Data Scientist Staff (Level 4) job in Fort Worth TX , Jobcube
"AI Sr Director & Data Scientist, Product Owner job in Hartford CT ", Jobcube
Intern - Data Scientist - Summer 2024 - Remote job in Montpelier VT , Jobcube
College Graduate- Data Science (Phd) job in Austin TX , Jobcube
Data Scientist Analyst - Early Career job in Fort Worth TX , Jobcube
4226 - NLP Data Scientist (Secret Clearance) job , Jobcube
Data Scientist job in Baltimore MD , Jobcube
Senior Data Scientist (US East Coast) job in New York NY , Jobcube
Data Scientist job in Miami FL , Jobcube
Sr Data Scientist job in Yonkers NY , Jobcube
Data Scientist Intern job in Raleigh NC , Jobcube
"Senior Data Scientist, SCOT FO job in Austin TX ", Jobcube
Undergraduate Internship - Data Science (Bachelors) job in Austin TX , Jobcube
Senior Data Scientist job in Wilmington DE , Jobcube
"Data Scientist, Senior Consultant job in Arlington VA ", Jobcube
Senior Open-Source Data Scientist Consultant job in Reston VA , Jobcube
"Product Analyst III, Data Science job in Atlanta GA ", Jobcube
Data Scientist Intern (Supplyframe) job in Pasadena CA , Jobcube
Sr. Data Scientist - Clearance Required job in Laurel MD , Jobcube
Staff Data Scientist Solutions Design Team job in Rogers AR , Jobcube
Data Science Specialist Job in Calgary for Cenovus Energy Inc. , ITjobs.ca
Sr Clinical Data Scientist Job in Anywhere for Syneos Health , ITjobs.ca
Principal/sr Clinical Data Scientist Job in Anywhere for Syneos Health , ITjobs.ca
Lead Data Scientist Job in Toronto for Equifax , ITjobs.ca
Data Scientist Job in Chalk River for Canadian Nuclear Laboratories (CNL) , ITjobs.ca
Data Scientist (Evergreen) Job in Toronto for Canadian Tire Corporation , ITjobs.ca
Data Scientist - Algorithms Job in Calgary for Baker Hughes , ITjobs.ca
Senior Data Scientist Job in Calgary for Baker Hughes , ITjobs.ca
"Data Scientist Ml/Dl/NLP/Llm, ICC AI Center of Excellence Job in Vancouver for Amazon ", ITjobs.ca
Data Scientist Job in Montreal for BRP , ITjobs.ca
Data Scientist Job in Oakville for FCT , ITjobs.ca
"Manager, Data Science & Pricing Analytics Job in Toronto for Scotiabank ", ITjobs.ca
"Lead Data Scientist, Physiology & Pharmacology Job in Calgary for University of Calgary ", ITjobs.ca
"Student, Data Science/analytics, May 2024 (Calgary) Job in Calgary for Cenovus Energy Inc. ", ITjobs.ca
Assistant Professor of Teaching in Biostatistics and Data Science Job in Vancouver for UBC , ITjobs.ca
"2024 Summer Data Science Internship - Canada, Student Science Recruiting Job in Toronto for Amazon ", ITjobs.ca
"Sr. SDE - Ml + Big Data, Measurement, Ad Tech, and Data Science (Mads) Job in Toronto for Amazon ", ITjobs.ca
Data Scientist/analyst - Summer Internship (Engineering Operations) Job in Winnipeg for Standard Aero , ITjobs.ca
Data Scientist Job in Edmonton for NAIT (Northern Alberta Institute of Technology) , ITjobs.ca
Engineering Data Scientist Job in Calgary for Canadian Pacific Railway , ITjobs.ca
Manager - Forecasting Models - Retail & Small Business (Data Scientist) (12 Month Contract) Job in Toronto for Scotiabank , ITjobs.ca
Data Science Manager Leeds ,eed.co.uk
Data Science Engineer London ,eed.co.uk
Head of Data Science London ,eed.co.uk
Data Scientist London ,eed.co.uk
Senior Data Scientist - London- Spark  AWS  Python  SQL  Scala  Java London ,eed.co.uk
Data Scientist Chester ,eed.co.uk
Data Scientist - Travel Middlesex ,eed.co.uk
Data Scientist  Worthing ,eed.co.uk
Data Scientist Finland ,eed.co.uk
Data Scientist / Engineer ,emote Harpenden - Reed.co.uk
Chief Data Scientist London ,eed.co.uk
Statistical Data Scientist ,emote Harpenden - Reed.co.uk
Data Scientist Growth London ,eed.co.uk
Data Science Lead / A.D of Data Science City of London ,eed.co.uk
Data Scientist Reigate ,eed.co.uk
Data Science Platform Engineer Cardiff ,eed.co.uk
Marketing Data Scientist Reigate ,eed.co.uk
Research Data Scientist London ,eed.co.uk
Team Lead - Data Science London ,eed.co.uk
Data Science Engineer ,emote Harpenden - Reed.co.uk
Senior Data Scientist up to £120 000 London ,eed.co.uk
Graduate Data Scientist  Mayfair ,eed.co.uk
Data Scientist Glasgow ,eed.co.uk
Quantitative Researcher - Data Science London ,eed.co.uk
Data Scientist DV Security Clearance Gloucester ,eed.co.uk
Data Scientist - London Kensington ,eed.co.uk
Platform Engineer Data Science x2 Cardiff ,eed.co.uk
Data Scientist - ClimateTech London ,eed.co.uk
Data Scientist Exeter ,eed.co.uk
Data Scientist - Insight / Alteryx / Power BI / Machine Learning  Kensington ,eed.co.uk
Data Scientist City of London ,eed.co.uk
Data Science Engineer - DV Cleared London ,eed.co.uk
Senior Data Scientist London ,eed.co.uk
Senior RWE Data Scientist Cambridge ,eed.co.uk
Data Scientist  London ,eed.co.uk
Head of Data Science - Digital Advertising & Marketing Agency West London ,eed.co.uk
Data Scientist Sheffield ,eed.co.uk
Data Scientist East London ,eed.co.uk
AI/Data Science Specialist City of London ,eed.co.uk
Senior Data Scientist Sevenoaks ,eed.co.uk
Senior Data Scientist Leeds ,eed.co.uk
Senior AI Data Scientist Amersham ,eed.co.uk
Lead Data Scientist Leeds ,eed.co.uk
Senior Data Scientist Colchester ,eed.co.uk
Data Scientist Leeds ,eed.co.uk
Senior Data Scientist Poole ,eed.co.uk
Data Scientist Worthing ,eed.co.uk
Data Scientist Manchester ,eed.co.uk
Junior Data Scientist Manchester ,eed.co.uk
Junior Data Scientist Sale ,eed.co.uk
Lead Data Scientist ML Ops  Pytorch  Pyspark  NLP London ,eed.co.uk
Junior Data Scientist - Manchester Manchester ,eed.co.uk
Tech Lead Data Scientist Leeds ,eed.co.uk
Data Scientist Sevenoaks ,eed.co.uk
Junior Data Scientist Cambridge ,eed.co.uk
Pre-sales Applied Data Scientist Hammersmith ,eed.co.uk
Senior Data Scientist  London ,eed.co.uk
Data Scientist Nottingham ,eed.co.uk
Data Scientist Systematic Fund London ,eed.co.uk
Cheminformatics Data Scientist Nottinghamshire ,eed.co.uk
Lead Data Scientist Sunderland ,eed.co.uk
Staff data scientist London ,eed.co.uk
Senior Data Scientist Manchester ,eed.co.uk
Data Scientist Guildford ,eed.co.uk
Data Scientist - Global Technology Solutions Business Bradford ,eed.co.uk
Data Scientist Cambridge ,eed.co.uk
Data Science Analyst London ,eed.co.uk
Data Scientist New Works ,eed.co.uk
Junior and Mid level Data Scientists Bristol ,eed.co.uk
Data Science Consultant Tadworth ,eed.co.uk
Senior Financial Data Scientist- Global Hedge Fund London ,eed.co.uk
Senior / Lead Data Scientist City of London ,eed.co.uk
"Senior Data Scientist, Renewables Earley ",eed.co.uk
