Titles,Cities
Data Science Manager job in New York NY ,York
Director Data Science job in Seattle WA ,Seattle
Data Science Instructor job in San Antonio TX ,San Antonio
"Senior Manager, Sales Data Science and Analytics (Remote) job in Boston MA ",Boston
Data Scientist job in Aurora CO ,Aurora
Data Scientist job in Suitland MD ,Suitland
Senior Data Scientist job in Augusta GA ,Augusta
Data Scientist/Senior Data Scientist (Federal) job in Tysons VA ,Federal
Experienced Engineering Data Scientist - Military Veterans job in Tukwila WA ,Tukwila
Current Phd - Data Science Internship - Summer 2024 job in San Francisco CA ,San Francisco
Data Scientist job in Sterling VA ,Sterling
Senior Data Scientist - Tiktok Global Music job in San Jose CA ,San
Graph Data Scientist - Level III job in Arlington VA ,Arlington
"Senior Data Scientist, Portfolio Value Creation job in San Francisco CA ",San Francisco
"Senior Data Scientist, Analytics (Nitro Perks) job in San Francisco CA ",San Francisco
Data Science Intern - Summer 2024 job in Houston TX ,Houston
Data Scientist TS/SCI job in Washington DC ,Washington
Senior Data Scientist job in Huntsville AL ,Huntsville
Data Science Capital Market Consultant job in Boston MA ,Boston
Analyst of Ecommerce & Data Science job in Carlsbad CA ,Carlsbad
Senior Product Data Scientist job in Palo Alto CA ,Palo Alto
Staff Data Scientist- E2e job in Bentonville AR ,Bentonville
Data Science Research Intern job in Boston MA ,Boston
Data Scientist – Geospatial Mapping & RF Modeling job in Lexington MA ,Lexington
Data Scientist job in Huntsville AL ,Huntsville
Faculty - Biomedical Data Science job in Lebanon NH ,Lebanon
Data Scientist job in Tampa FL ,Tampa
Staff Data Scientist - Ecommerce Product Ana job in Sunnyvale CA ,Sunnyvale
Senior Data Scientist - Ecommerce Product An job in Sunnyvale CA ,Sunnyvale
Senior Data Scientist - Omnichannel Supply C job in Sunnyvale CA ,Sunnyvale
Data Science Manager - Tiktok Ads job in San Jose CA ,San
"Senior Data Scientist, Gen AI Innovation Center, AWS job in Washington DC ",Washington
"Senior Data Scientist, Gen AI Innovation Center, AWS job in Denver CO ",Denver
Senior Data Scientist (Remote) job in Boise ID ,Boise
2024 University Graduate - Data Scientist job in Seattle WA ,Seattle
Data Scientist job in Irving TX ,Irving
Data Science Project Manager job in San Diego CA ,San
Data Scientist job in Chicago IL ,Chicago
Data Scientist Advanced Development Program job in Charlotte NC ,Charlotte
Lead Data Scientist job in San Francisco CA ,San Francisco
"Senior Data Scientist, E2e job in Bentonville AR ",Bentonville
Data Scientist (Supply Chain Resilience) - Clearance Require... job in Washington DC ,Washington
Data Scientist job in San Bruno CA ,San
Senior Data Scientist (LLM / Transformer) job in Austin TX ,Austin
Data Scientist I job in New York NY ,York
Data Scientist II job in Santa Monica CA ,Santa Monica
Sr Data Scientist job in Santa Monica CA ,Santa Monica
"Data Science Manager, Analytics job in New York NY ",York
Data Scientist - Innovation Ochsner job in New Orleans LA ,Orleans
Staff Data Scientist - E2e job in Bentonville AR ,Bentonville
Principal Data Scientist - E2e job in Bentonville AR ,Bentonville
Sr. Data Scientist (Starlink Product) job in El Segundo CA ,El Segundo
Data Scientist job in Washington DC ,Washington
University - Data Scientist job in McLean VA ,University
Director - Business Data Science job in San Francisco CA ,San Francisco
"Senior Data Scientist, Machine Learning job in San Francisco CA ",San Francisco
Principal Data Scientist Computer Vision - Military Veterans job in Nashville TN ,Nashville
Data Scientist job in Lakewood NJ ,Lakewood
"Lead Data Scientist, Digital Transformation job in Boston MA ",Boston
"Graduate Intern, Data Scientist (Spring, 2024) job in Atlanta GA ",Atlanta
Data Science Intern job in Brea CA ,Brea
"Graduate Intern, Data Scientist (Summer, 2024) job in Atlanta GA ",Atlanta
"Director, Data Science - Instagram Growth job in San Francisco CA ",San Francisco
Senior Principal Dco Data Scientist job in Savage MD ,Savage
Principal Dco Data Scientist job in Savage MD ,Savage
Data Scientist - Lahore job ,Lahore
"Data Scientist, Product job in San Francisco CA ",San Francisco
Data Scientist - Tiktok Ads job in San Jose CA ,San
Data Scientist- Tiktok Ads job in San Jose CA ,San
"Data Scientist- Tiktok Ads, Ads Interfaces job in Mountain View CA ",Mountain View
Data Scientist Associate- Early Career job in Fort Worth TX ,Fort Worth
Senior Data Scientist job in Mayfield Heights OH ,Mayfield Heights
Process Data Science Intern job in Englewood CO ,Englewood
Data Science Lead job in Bethesda MD ,Bethesda
Data Science Internship job in Boston MA ,Boston
Bioinformatics Scientist (Data Science) job in Cambridge MA ,Cambridge
Sr. Director of Data Science job in San Francisco CA ,San Francisco
"Senior Manager II, Data Science job in Dallas TX ",Dallas
"Intern, Applied Data Science job in Mountain View CA ",Mountain View
"Senior Manager II, Data Science - Omnichanne job in Bentonville AR ",Bentonville
"USA) Senior Manager I, Data Science job in Dallas TX ",Dallas
"Data Science Internship, 2024 job in Philadelphia PA ",Philadelphia
Dir Analytics & Data Science - Operations Analytics job in Seattle WA ,Seattle
Summer 2024 Data Science Intern job in Boston MA ,Boston
"Part-Time Assistant Professor, Data Science job in San Diego CA ",San
"Senior Manager I, Data Science - Omnichannel job in Sunnyvale CA ",Sunnyvale
Data Science Summer Intern job in New York NY ,York
Sr Engineer - Data Science job in Gaithersburg MD ,Gaithersburg
Data Science Developer (Senior) job in Annapolis MD ,Annapolis
"Senior Scientist, Data Science job in Boston MA ",Boston
AI ML Data Science Engineer job in Fort Collins CO ,Fort Collins
Nike Data Science Graduate Intern job in Beaverton OR ,Beaverton
Director of Data Science job in Detroit MI ,Detroit
"Principal Data Scientist - Dataml, Enterprise Data Science job in New York NY ",York
Data Science Intern job in Niles IL ,Niles
"Associate, Data Science Project Analyst job in Stamford CT ",Stamford
Director Commercial Data Science Services job in Amsterdam NY ,Amsterdam
Contractors’ Warehouse — Data Science Undergraduate Internsh... job in Atlanta GA ,Atlanta
Audio Data Science Intern job in Niles IL ,Niles
Data Science Instructor (All Levels) job in Dallas TX ,Dallas
"Directors, Data Science job in New York NY ",York
E2e Product Manager / Data Science job in Bentonville AR ,Bentonville
"(Senior) Scientist, Clinical Development Data Science job in Princeton NJ ",Princeton
Adjunct Faculty- Data Science job in New York NY ,York
Data Science Insurance Consultant job in Boston MA ,Boston
Data Science Manager - GPS job in Boston MA ,Boston
Michigan Institute for Data Science - Postdoctoral Fellowships: Michigan Data Science Fellows & Sc... job in Ann Arbor MI ,Ann Arbor
Graduate Internship - Data Science (MS/Phd) job in Austin TX ,Austin
College Graduate - Data Science (BS/MS) job in Austin TX ,Austin
"Senior Product Analyst Manager, Data Science job in Seattle WA ",Seattle
"Senior Manager, Clinical Data Science job in Redwood City CA ",Redwood City
Data Science Platform Engineer job in Austin TX ,Austin
"Director, Data Science job in Sunnyvale CA ",Sunnyvale
"Contractors’ Warehouse — Director, Data Science – Retail Med... job in Atlanta GA ",Atlanta
Senior Manager Data Science and Reporting job in Portland OR ,Portland
"Sr Director, Data Infrastructure & Data Science job in New York NY ",York
Engineering Management / Data Science job in Philadelphia PA ,Philadelphia
"Data Science Manager, Instagram Notification Systems job in New York NY ",York
"Senior Director I, Data Science – Omnichannel Supp job in Wakefield MA ",Wakefield
Data Science Internship job in Milpitas CA ,Milpitas
Dir Analytics & Data Science- PRO/HR Analytics job in Seattle WA ,Seattle
"Manager 2, Data Science job in Mountain View CA ",Mountain View
"Manager 3, Data Science job in San Diego CA ",San
"Data Science Architect, Mid job in Bethesda MD ",Bethesda
2024 Summer Intern: Data Science job in Greenwood Village CO ,Greenwood
"Software Engineer, Data Science (Experienced/Senior) job in Kent WA ",Kent
Data Science QA job in Miami FL ,Miami
Senior Manager - Data Science & Growth Analytics job in Bellevue WA ,Bellevue
"Director, Data Science - Retail Media job in Atlanta GA ",Atlanta
"Data Science Manager, Ads Platform & Experience job in New York NY ",York
Data Science Manager job in Minneapolis MN ,Minneapolis
Data Science Developer job in Houston TX ,Houston
Data Science Engineer job in New York NY ,York
Data Science Graduate Internship (Remote - Summer 2024) job in Atlanta GA ,Atlanta
Data Science Undergraduate Internship (Remote - Summer 2024) job in Atlanta GA ,Atlanta
"Senior Manager II, Data Science (Store No. 8) job in Sunnyvale CA ",Sunnyvale
"Senior Manager I, Data Science Omnichannel S job in Bentonville AR ",Bentonville
"Senior Manager II, Data Science Omnichannel Supply job in Sunnyvale CA ",Sunnyvale
"Principal Data Scientist - NLP, Enterprise Data Science job in New York NY ",York
Data Science - Business Intelligence job in Arlington VA ,Arlington
Machine Learning Engineer - CERT Data Science Team job in Pittsburgh PA ,Pittsburgh
Data Science Intern job in Boston MA ,Boston
Data Science Consultant - South job in Atlanta GA ,Atlanta
"Associate Director, Quantitative Science (Data Science/Stati... job in San Rafael CA ",San
"Intern Masters, Data Science job in Deerfield IL ",Deerfield
"Director, Data Science - Omnichannel Supply Chain job in Sunnyvale CA ",Sunnyvale
Data Science Summer 2024 Intern job in New York NY ,York
Summer 2024 - Learning Data Science Intern (Graduate) job in Cary NC ,Cary
Data Science/Analyst Intern Summer 2024 job in Wichita KS ,Wichita
"Product Strategist - Artificial Intelligence, Data Science &... job in Dallas TX ",Dallas
Data Science Teaching Assistant - (on-Site/Chicago) job in Chicago IL ,Chicago
Manager 3 Data Science job in Atlanta GA ,Atlanta
"Senior Manager I, Data Science, Omnichannel Supply job in Sunnyvale CA ",Sunnyvale
Data Science Manager - South job in Atlanta GA ,Atlanta
"Business Data Science Manager, Finance job in Kirkland WA ",Kirkland
Data Science Instructor-Independent Contractor (Hybrid) job in Washington DC ,Washington
Data Science Phd Internship (Remote - Summer 2024) job in Atlanta GA ,Atlanta
Data Science Lead - Tiktok Global Music job in San Jose CA ,San
Data Science Co-Op (January-July 2024) job in Boston MA ,Boston
Data Science Financial Service Consultant job in Boston MA ,Boston
"Data Science Manager, Infra Privacy job in Seattle WA ",Seattle
Growth Data Science job in San Francisco CA ,San Francisco
"Senior Director, Head of Clinical Development Data Science job in Princeton NJ ",Princeton
Lead Data Science Product Mgr job in Chicago IL ,Chicago
Data Science Engineer (Senior) job in Annapolis MD ,Annapolis
Senior / Staff Research Engineer - Data Science and ML job in South San Francisco CA ,San Francisco
Junior Data Science Analyst/ Engineer job in Springfield VA ,Springfield
Ticketing Data Science Representative - Part Time job in San Antonio TX ,San Antonio
"Audit & Assurance Data Science Intern - Summer/Fall 2023, Wi... job in Boston MA ",Boston
Data Science Senior Manager - Banking job in Boston MA ,Boston
S. Scott Collis Fellowship in Data Science 2024 job in Albuquerque NM ,Albuquerque
"Senior Manager II, Data Science - Marketing Analytics job in South San Francisco CA ",San Francisco
"Senior Manager II, Data Science: Walmart Creator job in South San Francisco CA ",San Francisco
"Directors, Data Science and Analytics, Customer Marketing job in New York NY ",York
Intern: Data Analytics / Data Science job in Carlsbad CA ,Carlsbad
"Senior Data Science Engineer, Adobe Firefly job in San Francisco CA ",San Francisco
"Data Science, Solution Architect job in Quincy MA ",Quincy
"Director, Content Data Science job in Mountain View CA ",Mountain View
Data Science and Analytics Manager job in Everett WA ,Everett
Data Science Manager job in Memphis TN ,Memphis
"Data Science Manager, Creative Intelligence job in New York NY ",York
Assistant/Associate Professor of Data Science job in Wichita KS ,Wichita
"Manager, Data Science, Anti-Cheat - Fandom Data Services job in Los Angeles CA ",Los Angeles
"Senior Manager I, Data Science - E2e job in Bentonville AR ",Bentonville
Internship - 2024 Graduate Data Science Intern job in Maplewood MN ,Maplewood
"Director, Data Engineering and Data Science job in Denver CO ",Denver
"Senior Advisor, Data Science and Analytics job in New York FL ",York
MGR - Dir of Research and Data Science - Engaged job in Englewood CO ,Englewood
"Senior Managers, Data Science job in New York NY ",York
NYC Summer Data Science Internship job in New York NY ,York
"Associate Director, Commercial Data Science job in Princeton NJ ",Princeton
"Senior Manager I, Data Science – Omnichannel job in Bentonville AR ",Bentonville
Manager of Business Systems Integration and Data Science 3 job in Clearfield UT ,Clearfield
"Senior Manager I, Data Science - Yield Analytics ( job in Hoboken NJ ",Hoboken
Data Science Internship (Graduate)  / Remote - Summer 2024 job in Boston MA ,Boston
"Intern, IT - Operations Research - Data Science (Summer 2024... job in Atlanta GA ",Atlanta
"Data Science Manager, Amazon B2b Payments and Lending job in New York NY ",York
"Senior Director I, Data Science -Omnichannel Suppl job in Bentonville AR ",Bentonville
"Data Science Swes - TOP Mission, $ - FS Poly job in Annapolis MD ",Annapolis
Cyber Data Science Engineer job in Springfield VA ,Springfield
Data Science Engineer job in Stamford CT ,Stamford
Data Science Manager job in Seattle WA ,Seattle
Data Science Manager job in San Diego CA ,San
"Senior Manager I, Data Science- Omnichannel Supply job in Bentonville AR ",Bentonville
2024 AARC Senior Data Science Analyst job in Chicago IL ,Chicago
"Data Engineer, Translational Data Science job in Cambridge MA ",Cambridge
"Director, Data Science Instrumentation & Architecture job in Mountain View CA ",Mountain View
"Senior Manager, Data Science - Reinforcement Learning (Remot... job in Atlanta GA ",Atlanta
"Data Science Analyst/Engineer, Junior job in Springfield VA ",Springfield
"Software Engineer, Data Science job in San Francisco CA ",San Francisco
"Senior Data Scientist, Search Customer Experience Data Scien... job in Seattle WA ",Seattle
"Director, Data Science - Retail Media+ - Military Veterans job in Atlanta GA ",Atlanta
"Sr Director, Data Infrastructure & Data Science job in Milwaukee WI ",Milwaukee
Internship - 2024 Undergraduate Data Science & Engineering I... job in Maplewood MN ,Maplewood
Data Science Cyber Systems Engineer job in Springfield VA ,Springfield
"Data Science Intern, 2024 Summer U.S job in Mountain View CA ",Mountain View
"Senior Director, Head of Commercial Data Science job in Princeton NJ ",Princeton
Data Science Fellow job in Chicago IL ,Chicago
Data Science Technical Product Owner job in Charlotte NC ,Charlotte
"Director, Revenue Data Science, Remote job in Chicago IL ",Chicago
"Director, Data Science job in Cambridge MA ",Cambridge
"Senior Manager II, Data Science - Omnichannel Supp job in Sunnyvale CA ",Sunnyvale
"Sales Engineer, Data Science job in New York NY ",York
Data Science Consultant / Manager -Utilities job in Boston MA ,Boston
"Manager, Business Intelligence & Data Science (Voice of Memb... job in Vienna VA ",Vienna
"Senior Manager, Data Science job in San Diego CA ",San
Investment Analytics & Data Science - 2024 Undergraduate Sum... job in Boca Raton FL ,Boca Raton
"Senior Director, Data Science job in New York NY ",York
Intern - Smart Manufacturing and AI Data Science job in Boise ID ,Boise
Data Science Manager - Life Sciences Supply Chain Operations job in Boston MA ,Boston
"VP Data Science, Citi Global Wealth – Citi Alliance/Cardinal job in New York NY ",Alliance
"Data Science Industrialization, Analytics Engineering Manage... job ",Manage
"Data Science Leader, Tiktok Ecosystem & Analytics job in San Jose CA ",San
2024 Graduate - Data Science - System Performance Evaluation job in Laurel MD ,Laurel
"Director, Data Science Engineering job in New York NY ",York
"2024 Summer Data Science Internship - United States, Student... job in Bellevue WA ",Bellevue
"Associate Director Data Science, Clinical Analytics (Omics, ... job in Cambridge MA ",Cambridge
Data Science Senior Manager job in Boston MA ,Boston
Vesalius : Head of Data Science job in Cambridge MA ,Cambridge
"Intern, Data Science job in Charlotte NC ",Charlotte
Data Science Consultant - Health/Life Sciences job in Milwaukee WI ,Milwaukee
E2e Product Manager / Data Science job in Rogers AR ,Rogers
AI Data Science Manager job in Charlotte NC ,Charlotte
Behavioral Data Science Manager job in Milwaukee WI ,Milwaukee
Director of Data Science job in San Francisco CA ,San Francisco
Data Science Missions - $$$ + 12% 401k! FS Poly job in Annapolis MD ,Annapolis
Data Science Manager job in Denver CO ,Denver
"Senior Manager, Data Science Ads Products job in Seattle WA ",Seattle
Data Science and Forensics Engineer - Level 2 job in Fort Worth TX ,Fort Worth
"Group Manager, Data Science & Analytics job in San Francisco CA ",San Francisco
"Senior Director II, DATA Science (Head of) job in Chicago IL ",Chicago
Data Science Manager (4/5) job in New York NY ,York
Data Science Manager job in Chicago IL ,Chicago
"Data Science Lead, Tiktok Product Analytics & Ecosystem job in San Jose CA ",San
"Senior Manager II, Data Science Omnichannel Supply Chain Str... job in Sunnyvale CA ",Sunnyvale
Data Engineering and Data Science Coe - Commercial/Functions job in Chesterfield MO ,Chesterfield
AFIT Instructor of Data Science (Analytics / Management) job in Patterson OH ,Patterson
Journeyman Data Science Manager job in Washington DC ,Washington
Data Science Manager (Supply Chain) job in Boston MA ,Boston
"Data Science Lead, Quant Modeling job in San Jose CA ",San
Data Science Senior Analyst job in Raleigh NC ,Raleigh
"AVP Data Science, Digital Marketing, Norfolk, VA job in Norfolk VA ",Norfolk
"Director, Data Science - Omnichannel Supply Chain Strategy job in Sunnyvale CA ",Sunnyvale
"Data Science Director - Client Facing Projects Lead, Central... job ",Central
"Research Data Science, Future Leaders Graduate Program, US, ... job in Upper Providence PA ",Providence
R&D Data Science and Engineering (Experienced) Remote job in Albuquerque NM ,Albuquerque
Supply Chain - Data Science Consultant job in Boston MA ,Boston
"Senior Manager I, Data Science, Omnichannel Supply Chain Str... job in Sunnyvale CA ",Sunnyvale
Upstate New York - Post-Baccalaureate Fellow in Environmental Data Science (Cov... job in Saratoga Springs NY ,Saratoga Springs
Clinical Professor (Open-Rank) - MS in Applied Data Science ... job in Chicago IL ,Chicago
Data Engineering and Data Science Coe (Industrial Ops & Safe... job in Chesterfield MO ,Chesterfield
"Technical Lead, Data Science job in Seattle WA ",Seattle
Data Science Manager job in Phoenix AZ ,Phoenix
"Director, OBU Commercial Data Science & AI - Product (3 Role... job in Gaithersburg MD ",Gaithersburg
Intern - Data Science - Summer 2024 - Now Hiring job in Meridian MS ,Meridian
"Engagement Leader, Data Science – Life Sciences Analytics Pr... job in Berkeley Heights NJ ",Berkeley
"Senior Scientist, Translational Data Science (Machine Learni... job in Princeton NJ ",Princeton
"Principal Associate, Data Science job in New York NY ",York
Sr Dir Data Science - Head of AI Innovation Lab job in Chicago IL ,Chicago
Senior Director-BI&a AI/ML Data Science job in Indianapolis IN ,Indianapolis
Senior Software Engineer- Equity Data Science job in Boston MA ,Boston
2024 Summer Intern- Data Science- London job ,London
Co-Op - Data Science Co-Op job in Princeton NJ ,Princeton
"Data Science Senior Director, Generative AI job in Charlotte NC ",Charlotte
"Biostatistician II, Biomedical Data Science Hub, Dell Medica... job in Austin TX ",Austin
"Senior Manager II, Data Science job in Bentonville AR ",Bentonville
"VP, Head of Data Science and Systems Biology job in Cambridge MA ",Cambridge
2024 Summer Intern: Data Science (Sam's Club) job in Rogers AR ,Rogers
"Sr. Manager, Content Data Science job in Mountain View CA ",Mountain View
"Metro New York & Southern Connecticut - Director, Data Science Resource Center (Salary Range: $120k-... job in New York NY ",York
Content SME/Instructor II/Data Science and Analysis job in Springfield VA ,Springfield
Director-PM Data Sciences job in Chicago IL ,Chicago
Data Science Manager job in Austin TX ,Austin
"Data Science, Manufacturing job in Boise ID ",Boise
Manager Data Science job in Arlington VA ,Arlington
"Senior Manager I, Data Science- Omnichannel Supply Chain Str... job in Rogers AR ",Rogers
"Data Science Manager (Bangkok Based, Relocation Provided) job ",Bangkok
Metro New York & Southern Connecticut - Tenure-Track Assistant Professor-Data Science ,York
Data Science Specialist Temporary job in Mountain View CA ,Mountain View
"Senior Computational Biologist, Data Science job in Cambridge MA ",Cambridge
"Senior Manager II, Data Science - Omnichannel Supply Chain S... job in Sunnyvale CA ",Sunnyvale
"2024 Summer Intern: Walmart Connect, Data Science job in Hoboken NJ ",Hoboken
Data Science Intern job in Champaign IL ,Champaign
"Senior Director I, Data Science -Omnichannel Supply Chain St... job in Rogers AR ",Rogers
2024 Summer Intern: Data Science (Sam's Club) job in Bentonville AR ,Bentonville
Data Science Team Lead job in Boston MA ,Boston
"Corporate Rotation Program - Engineering, Data Science & Tec... job in King of Prussia PA ",King of Prussia
"R&D Data Science, Analytics and Applications (Experienced) -... job in Albuquerque NM ",Albuquerque
"Central Midwest - Director, Data Science & Analysis Hub ",Central
"Director, Data Science - Rider + U4b job in New York NY ",York
Applied Data Science and Analysis Engineer - Military Vetera... job in San Diego CA ,San
"Senior Manager I, Data Science - Omnichannel Supply Chain St... job in Rogers AR ",Rogers
2024 University Recruiting - Data Science Co-Op job in Boston MA ,Boston
Senior Data Science Analyst - Management and Enterprise Busi... job in New York NY ,York
BME Department - Associate or Full Professor in AI/Data Science in Biomedical... job in New York NY ,York
"Senior Software Engineer, Data Science job in San Francisco CA ",San Francisco
"Associate Director, Clinical Data Science job in Redwood City CA ",Redwood City
"2024 Summer Intern: Walmart Connect, Data Science, Walmart I... job in Hoboken NJ ",Hoboken
"Director, Data Science - Cares job in Atlanta GA ",Atlanta
"Associate Director of Data Science and Engineering, Invivomi... job in Salt Lake City UT ",Salt
Data Science Lead job in Los Angeles CA ,Los Angeles
"Manager, Data Science job in Austin TX ",Austin
"Phd Director, Data Science R&D (Decision Sciences Identity T... job in Chicago IL ",Chicago
"Senior Biostatistician, Biomedical Data Science Hub, Dell Me... job in Austin TX ",Austin
Chief of Staff and Product Delivery Lead - Data Science Orga... job in Irving TX ,Irving
"Biostatistician III (Masters), Biomedical Data Science Hub, ... job in Austin TX ",Austin
Data Science Consultant job in Atlanta GA ,Atlanta
Data Science Engineer - Remote job in Miami FL ,Miami
City Scholars Data Science Internship job in Chicago IL ,Chicago
Data Science/Machine Learning - Don't See What You Are Looki... job in Salt Lake City UT ,Salt
Data Science Fellowship - 2024 job in Alexandria VA ,Alexandria
Federal - Data Science Practitioner job in Arlington VA ,Arlington
Senior Data Science Consultant job in Arlington VA ,Arlington
Federal - Data Science Practitioner job in Washington DC ,Washington
AI Data Science Consultant job in Arlington VA ,Arlington
"Director, Data Science job in New York NY ",York
"Senior Data Scientist, Data Sciences (SAS) job in Princeton NJ ",Princeton
AI Data Science Senior Consultant job in Arlington VA ,Arlington
"Assistant Professor, Biology, Biological Data Science job in San Francisco CA ",San Francisco
Data Science R&D - Graduate Intern job in Boise ID ,Boise
2024 Summer Intern: Ecommerce Data Science job in New York NY ,York
Integrated Data Science and ML Postdoctoral Appointee - Hybr... job in Albuquerque NM ,Albuquerque
"Senior Manager I, Data Science job in Sunnyvale CA ",Sunnyvale
"Senior Director, Vaccines R&D Data Sciences (AI/ML) job in New York NY ",York
"Senior Data Scientist, Data Sciences (SAS) - Military Vetera... job in Princeton NJ ",Princeton
"Senior Data Scientist, Advertising DSP, Ads Science & Analys... job in Seattle WA ",Seattle
Senior Manager Data Science (Inqbator Hub) job in Newton MA ,Newton
Staff Data Scientist - Marketing Decision Science job in Sunnyvale CA ,Sunnyvale
"Staff Data Scientist - Science Management, E2e job in Bentonville AR ",Bentonville
Staff Data Scientist - Science Management job in Bentonville AR ,Bentonville
"Principal Data Scientist - Science Management, E2e job in Bentonville AR ",Bentonville
072777-Capgemini Invent - Managing Data Scientist for Life S... job in Reedley CA ,Reedley
072776-Capgemini Invent - Senior Data Scientist/Specialist f... job in New York NY ,York
Sr Data Scientist - Marketing Science job in New York NY ,York
Sr Data Scientist - Marketing Science job in Seattle WA ,Seattle
Data Science Intern job in Omaha NE ,Omaha
Staff Data Scientist - Science Management job in Rogers AR ,Rogers
"Staff Data Scientist - Science Management, E2e job in Rogers AR ",Rogers
Data Scientist job in Cary NC ,Cary
Senior Data Scientist job in Arlington VA ,Arlington
Data Scientist job in Annapolis MD ,Annapolis
Research Data Scientist job in New York NY ,York
Data Scientist II job in San Diego CA ,San
Data Scientist job in New York NY ,York
4214 - Mid-Level Data Scientist (TS/SCI - FSP) job in Annapolis MD ,Annapolis
"Data Science Manager II, Generative AI job in New York NY ",York
"Lead Data Scientist, Product (Remote) job in Boston MA ",Boston
Risk Data Scientist job in Wilmington DE ,Wilmington
NLP Data Scientist for Insurance and Mutual Fund Firm job in Boston MA ,Boston
IT Help Desk job in Russellville AR ,Russellville
Data Scientist job in Cleveland OH ,Cleveland
Data Scientist job in North Canton OH ,North Canton
Data Science Manager job in Atlanta GA ,Atlanta
"Director, Data Science & Analysis job in Atlanta GA ",Atlanta
4213 - Junior Data Scientist (TS/SCI - FSP) job in Annapolis MD ,Annapolis
Data Scientist III job in Grand Rapids MI ,Grand Rapids
Lead Data Scientist - Online Platforms Reinforcement Learnin... job in Atlanta GA ,Atlanta
Contractors’ Warehouse — Lead Data Scientist – Online Platfo... job in Atlanta GA ,Atlanta
"Contractors’ Warehouse — Lead Data Scientist, Customer Exper... job in Atlanta GA ",Atlanta
Data Science Manager - Marketing job in New York NY ,York
Data Scientist job in Rockville MD ,Rockville
Talent Acquisition Data Scientist job in San Francisco CA ,San Francisco
Senior Data Scientist job in Suitland MD ,Suitland
Data Science Analyst-Hsom job in Birmingham AL ,Birmingham
Integration Data Scientist - Med Device - Burlington MA job in Boston MA ,Burlington
Data Scientist - Intern (Fall 2023) job in Redwood City CA ,Redwood City
Data Scientist - Commercial Operations (Remote) job in Washington CA ,Washington
Data Scientist - Sales Operations (Remote) job in Seattle WA ,Seattle
Sr Data Scientist - Military Veterans job in Pleasanton CA ,Pleasanton
Data Scientist job in San Jose CA ,San
"Sr. Manager, Data Scientist job in Durham NC ",Durham
"Data Scientist, Mid job in Alexandria VA ",Alexandria
Lead Data Scientist job in Dublin OH ,Dublin
"Director, Data Science & Analytics Creation Products job in San Mateo CA ",San Mateo
Data Scientist job in San Diego CA ,San
"Director, Data Scientist - Biopharma job in Tampa FL ",Tampa
Staff Data Scientist Solutions Design Team job in Bentonville AR ,Bentonville
"Sr. Data Scientist, Private Pricing Analytics & Insights job in Seattle WA ",Seattle
Senior Data Scientist - Discovery Experiences job in San Mateo CA ,San Mateo
Senior Data Scientist job in Sunnyvale CA ,Sunnyvale
Senior Full Stack Data Scientist job in Atlanta GA ,Atlanta
Office Admin Apprenticeship job in Newport AR ,Newport
Senior Data Scientist/Data Engineer job in San Francisco CA ,San Francisco
State of Virginia Looking for Senior Data Scientist/Engineer job in Richmond VA ,Richmond
Data Scientist (Mid/Senior) - Clearance Desired job in Colorado Springs CO ,Colorado Springs
Data Scientist job in Pittsburgh PA ,Pittsburgh
"Jr. Data Scientist, Minerva Analytics job in San Diego CA ",San
Data Scientist job in San Mateo CA ,San Mateo
"Data Scientist, Product Analytics job in Denver CO ",Denver
Cdna - Senior Data Science Manager (Omnichannel Orchestratio... job in Thousand Oaks CA ,Thousand Oaks
Data Scientist job in Springfield VA ,Springfield
"Manager, Data Scientist - Biopharma job in Tampa FL ",Tampa
Data Scientist job in Hoboken NJ ,Hoboken
Sr.Data Science and Visualization Researcher job in Atlanta GA ,Atlanta
Data Science Intern job in Sun Prairie WI ,Sun Prairie
Data Scientist (Remote -Virtual)- Supply Chain job in Rosemont IL ,Rosemont
Data Scientist job in South San Francisco CA ,San Francisco
Diversity and Inclusion Workforce Data Scientist job in Springfield VA ,Springfield
Data Science Analyst job in Lexington Park MD ,Lexington
"Data Scientist & Operations Research Analyst, Lead job in Columbia MD ",Columbia
Data Scientist job in Colorado Springs CO ,Colorado Springs
Senior Data Scientist job in Los Angeles CA ,Los Angeles
Principal Data Scientist Forecasting and Optimiztn - Militar... job in Nashville TN ,Nashville
Data Scientist Co-Op job in Creve Coeur MO ,Creve Coeur
Marketing Data Science Manager job in Seattle WA ,Seattle
"Senior Associate, Senior Data Scientist job in New York NY ",York
Data Scientist - Intern (Summer 2024) job in Redwood City CA ,Redwood City
"Data Scientist II, Anti-Cheat - Fandom Data Services job in Los Angeles CA ",Los Angeles
Amazon Robotics - Data Scientist Co-Op - Fall 2023 (July - D... job in North Reading MA ,Reading
Principal Data Scientist job in Cambridge MA ,Cambridge
"Technical Product Manager, Data Science job in Pasadena CA ",Pasadena
Cleared Data Scientist job in Huntsville AL ,Huntsville
"Senior Data Scientist - with Python, Salesforce (Remote) job in Boise ID ",Boise
Current Interns Only- Sr. Data Scientist-Summer 2023 Intern ... job in Minneapolis MN ,Minneapolis
"Senior Data Scientist, Analytics (Communities) job in San Francisco CA ",San Francisco
Senior Data Scientist - Data Ventures job in Dallas TX ,Dallas
"Principal Data Scientist , Workforce Intelligence job in Arlington VA ",Arlington
Data Scientist job in Greenwood Village CO ,Greenwood
Data Scientist job in Austin TX ,Austin
4215 - Senior Data Scientist (TS/SCI -FSP) job in Annapolis MD ,Annapolis
Senior Data Scientist-Retail Intelligence job in Bentonville AR ,Bentonville
DATA Scientist (Data Officer) job in Washington IN ,Washington
Data Scientist (Secret) job in Homestead FL ,Homestead
Staff Data Scientist job in Sunnyvale CA ,Sunnyvale
Director of Data Science job in Arlington VA ,Arlington
"Data Scientist, Consultant job in Arlington VA ",Arlington
"Data Scientist (TS/SCI with Poly) - Chantilly, Virginia ",Virginia
"Leader, Product Analytics & Data Science job in San Francisco CA ",San Francisco
Senior Data Scientist - Ad Technology job in New York NY ,York
Staff Data Scientist job in Palo Alto CA ,Palo Alto
Senior Data Scientist / Machine Learning Engineer job in New York NY ,York
Data Scientist - Technical Program Manager job in Pittsburgh PA ,Pittsburgh
Data Science (DS) Engineer job in Phoenix AZ ,Phoenix
Data Scientist job in Lexington Park MD ,Lexington
Data Scientist job in Boise ID ,Boise
Principal Data Scientist job in Midland TX ,Midland
Data Science Co-Op job in Champaign IL ,Champaign
Staff Data Scientist - Data Ventures job in Dallas TX ,Dallas
Sr Data Scientist/ MLE job in New York NY ,York
"Principal Engineer, Data Science & Operations Research job in Long Beach CA ",Long Beach
Data Scientist W/ Top Secret job in Arlington VA ,Arlington
"Vice President, Data Sciences job in Austin TX ",Austin
"Sr. Data Scientist, Automated Vehicle Testing job in Redmond WA ",Redmond
Data Scientist / Analyst TS/SCI (Hybrid) job in Washington DC ,Washington
Research Data Scientist job in Washington DC ,Washington
Staff Software Engineer - Data Science job in New York NY ,York
Data Scientist and Visualization Specialist job in Arlington VA ,Arlington
"Principal Data Scientist, Marketing job in Mountain View CA ",Mountain View
Data Scientist job in Arlington VA ,Arlington
Data Scientist (IDST) job in Tampa FL ,Tampa
"Senior Associate, Data Science - People Analytics job in New York NY ",York
Data Scientist (2022-0226) job in Annapolis MD ,Annapolis
"Senior Data Scientist, Online Search job in Atlanta GA ",Atlanta
Staff Data Scientist - Sam's Club AI Labs job in Dallas TX ,Dallas
Data Science Engineer job in Columbia VA ,Columbia
Sr Principal Engineer - Data Science job in Germantown MD ,Germantown
Principal Data Scientist job in Sunnyvale CA ,Sunnyvale
Senior Data Scientist - Behaivior job in Pittsburgh PA ,Pittsburgh
Senior Data Scientist - AI/ML Modeler job in Berkeley Heights NJ ,Berkeley
Sr. Data Scientist job in Boise ID ,Boise
"Manager, Data Science job in Englewood CO ",Englewood
Data Scientist - BCG X job in Washington DC ,Washington
"Data Scientist, Generative AI job in San Francisco CA ",San Francisco
"SVP, Marketing Data Science & Technology job in New York NY ",York
Data Scientist job in Jupiter FL ,Jupiter
Principal Data Scientist (LLM/NLP) job in Scottsdale AZ ,Scottsdale
Data Scientist Sr job in Seattle WA ,Seattle
Data Science Analytics job in Palo Alto CA ,Palo Alto
00745 Senior Data Scientist R&D Medical Safety Consultant job in Princeton NJ ,Princeton
Summer 2024 Internship - Data Science job in Washington DC ,Washington
Data Scientist Consultant job in San Francisco CA ,San Francisco
Expert Data Scientist job in New York NY ,York
Data Scientist Staff (Level 4) job in Fort Worth TX ,Fort Worth
College Graduate- Data Science (Phd) job in Austin TX ,Austin
Data Scientist Analyst - Early Career job in Fort Worth TX ,Fort Worth
Data Scientist job in Baltimore MD ,Baltimore
Senior Data Scientist (US East Coast) job in New York NY ,York
Data Scientist job in Miami FL ,Miami
Sr Data Scientist job in Yonkers NY ,Yonkers
Data Scientist Intern job in Raleigh NC ,Raleigh
"Senior Data Scientist, SCOT FO job in Austin TX ",Austin
Undergraduate Internship - Data Science (Bachelors) job in Austin TX ,Austin
Senior Data Scientist job in Wilmington DE ,Wilmington
"Data Scientist, Senior Consultant job in Arlington VA ",Arlington
"Product Analyst III, Data Science job in Atlanta GA ",Atlanta
Data Scientist Intern (Supplyframe) job in Pasadena CA ,Pasadena
Sr. Data Scientist - Clearance Required job in Laurel MD ,Laurel
Staff Data Scientist Solutions Design Team job in Rogers AR ,Rogers
Data Science Specialist Job in Calgary for Cenovus Energy Inc. ,Calgary
Lead Data Scientist Job in Toronto for Equifax ,Toronto
Data Scientist (Evergreen) Job in Toronto for Canadian Tire Corporation ,Tire
Data Scientist - Algorithms Job in Calgary for Baker Hughes ,Calgary
Senior Data Scientist Job in Calgary for Baker Hughes ,Calgary
"Data Scientist Ml/Dl/NLP/Llm, ICC AI Center of Excellence Job in Vancouver for Amazon ",Vancouver
Data Scientist Job in Oakville for FCT ,Oakville
"Manager, Data Science & Pricing Analytics Job in Toronto for Scotiabank ",Toronto
"Lead Data Scientist, Physiology & Pharmacology Job in Calgary for University of Calgary ",Calgary
"Student, Data Science/analytics, May 2024 (Calgary) Job in Calgary for Cenovus Energy Inc. ",Calgary
Assistant Professor of Teaching in Biostatistics and Data Science Job in Vancouver for UBC ,Vancouver
"2024 Summer Data Science Internship - Canada, Student Science Recruiting Job in Toronto for Amazon ",Toronto
"Sr. SDE - Ml + Big Data, Measurement, Ad Tech, and Data Science (Mads) Job in Toronto for Amazon ",Toronto
Data Scientist/analyst - Summer Internship (Engineering Operations) Job in Winnipeg for Standard Aero ,Winnipeg
Data Scientist Job in Edmonton for NAIT (Northern Alberta Institute of Technology) ,Edmonton
Engineering Data Scientist Job in Calgary for Canadian Pacific Railway ,Calgary
Manager - Forecasting Models - Retail & Small Business (Data Scientist) (12 Month Contract) Job in Toronto for Scotiabank ,Toronto
Data Science Manager Leeds ,Leeds
Data Science Engineer London ,London
Head of Data Science London ,London
Data Scientist London ,London
Senior Data Scientist - London- Spark  AWS  Python  SQL  Scala  Java London ,London
Data Scientist Chester ,Chester
Data Scientist  Worthing ,Worthing
Chief Data Scientist London ,London
Data Scientist Growth London ,London
Data Science Lead / A.D of Data Science City of London ,London
Data Scientist Reigate ,Reigate
Data Science Platform Engineer Cardiff ,Cardiff
Marketing Data Scientist Reigate ,Reigate
Research Data Scientist London ,London
Team Lead - Data Science London ,London
Senior Data Scientist up to £120 000 London ,London
Quantitative Researcher - Data Science London ,London
Data Scientist DV Security Clearance Gloucester ,Gloucester
Data Scientist - London Kensington ,London
Platform Engineer Data Science x2 Cardiff ,Cardiff
Data Scientist - ClimateTech London ,London
Data Scientist City of London ,London
Data Science Engineer - DV Cleared London ,London
Senior Data Scientist London ,London
Senior RWE Data Scientist Cambridge ,Cambridge
Data Scientist  London ,London
Head of Data Science - Digital Advertising & Marketing Agency West London ,London
Data Scientist Sheffield ,Sheffield
Data Scientist East London ,East London
AI/Data Science Specialist City of London ,London
Senior Data Scientist Sevenoaks ,Sevenoaks
Senior Data Scientist Leeds ,Leeds
Senior AI Data Scientist Amersham ,Amersham
Lead Data Scientist Leeds ,Leeds
Senior Data Scientist Colchester ,Colchester
Data Scientist Leeds ,Leeds
Senior Data Scientist Poole ,Poole
Data Scientist Worthing ,Worthing
Data Scientist Manchester ,Manchester
Junior Data Scientist Manchester ,Manchester
Junior Data Scientist Sale ,Sale
Lead Data Scientist ML Ops  Pytorch  Pyspark  NLP London ,London
Junior Data Scientist - Manchester Manchester ,Manchester
Tech Lead Data Scientist Leeds ,Leeds
Data Scientist Sevenoaks ,Sevenoaks
Junior Data Scientist Cambridge ,Cambridge
Senior Data Scientist  London ,London
Data Scientist Nottingham ,Nottingham
Data Scientist Systematic Fund London ,London
Staff data scientist London ,London
Senior Data Scientist Manchester ,Manchester
Data Scientist - Global Technology Solutions Business Bradford ,Bradford
Data Scientist Cambridge ,Cambridge
Data Science Analyst London ,London
Junior and Mid level Data Scientists Bristol ,Bristol
Senior Financial Data Scientist- Global Hedge Fund London ,London
Senior / Lead Data Scientist City of London ,London
